#
# There is insufficient memory for the Java Runtime Environment to continue.
# Native memory allocation (malloc) failed to allocate 1557936 bytes. Error detail: Chunk::new
# Possible reasons:
#   The system is out of physical RAM or swap space
#   This process is running with CompressedOops enabled, and the Java Heap may be blocking the growth of the native heap
# Possible solutions:
#   Reduce memory load on the system
#   Increase physical memory or swap space
#   Check if swap backing store is full
#   Decrease Java heap size (-Xmx/-Xms)
#   Decrease number of Java threads
#   Decrease Java thread stack sizes (-Xss)
#   Set larger code cache with -XX:ReservedCodeCacheSize=
#   JVM is running with Unscaled Compressed Oops mode in which the Java heap is
#     placed in the first 4GB address space. The Java Heap base address is the
#     maximum limit for the native heap growth. Please use -XX:HeapBaseMinAddress
#     to set the Java Heap base and to place the Java Heap above 4GB virtual address.
# This output file may be truncated or incomplete.
#
#  Out of Memory Error (arena.cpp:191), pid=3284, tid=24624
#
# JRE version: OpenJDK Runtime Environment Microsoft-11369865 (17.0.15+6) (build 17.0.15+6-LTS)
# Java VM: OpenJDK 64-Bit Server VM Microsoft-11369865 (17.0.15+6-LTS, mixed mode, sharing, tiered, compressed oops, compressed class ptrs, g1 gc, windows-amd64)
# No core dump will be written. Minidumps are not enabled by default on client versions of Windows
#

---------------  S U M M A R Y ------------

Command Line: --add-opens=java.base/java.lang=ALL-UNNAMED --add-opens=java.base/java.lang.invoke=ALL-UNNAMED --add-opens=java.base/java.util=ALL-UNNAMED --add-opens=java.prefs/java.util.prefs=ALL-UNNAMED --add-exports=jdk.compiler/com.sun.tools.javac.api=ALL-UNNAMED --add-exports=jdk.compiler/com.sun.tools.javac.util=ALL-UNNAMED --add-opens=java.base/java.util=ALL-UNNAMED --add-opens=java.prefs/java.util.prefs=ALL-UNNAMED --add-opens=java.base/java.nio.charset=ALL-UNNAMED --add-opens=java.base/java.net=ALL-UNNAMED --add-opens=java.base/java.util.concurrent.atomic=ALL-UNNAMED --add-opens=java.xml/javax.xml.namespace=ALL-UNNAMED -XX:MaxMetaspaceSize=512m -Xmx2048m -Dfile.encoding=windows-1252 -Duser.country=US -Duser.language=en -Duser.variant -javaagent:C:\Users\Bikra\.gradle\wrapper\dists\gradle-8.14.1-bin\baw1sv0jfoi8rxs14qo3h49cs\gradle-8.14.1\lib\agents\gradle-instrumentation-agent-8.14.1.jar org.gradle.launcher.daemon.bootstrap.GradleDaemon 8.14.1

Host: AMD Ryzen 5 5600H with Radeon Graphics         , 12 cores, 7G,  Windows 11 , 64 bit Build 26100 (10.0.26100.4484)
Time: Thu Jul 17 16:50:58 2025 India Standard Time elapsed time: 51.203711 seconds (0d 0h 0m 51s)

---------------  T H R E A D  ---------------

Current thread (0x000002475ec37060):  JavaThread "C2 CompilerThread2" daemon [_thread_in_native, id=24624, stack(0x0000004b11900000,0x0000004b11a00000)]


Current CompileTask:
C2:  51203 29621   !   4       java.lang.invoke.MethodHandleNatives::linkMethodHandleConstant (50 bytes)

Stack: [0x0000004b11900000,0x0000004b11a00000]
Native frames: (J=compiled Java code, j=interpreted, Vv=VM code, C=native code)
V  [jvm.dll+0x6887a9]
V  [jvm.dll+0x83f5a8]
V  [jvm.dll+0x841053]
V  [jvm.dll+0x8416c3]
V  [jvm.dll+0x2496ef]
V  [jvm.dll+0xad134]
V  [jvm.dll+0xad7cc]
V  [jvm.dll+0x36aedf]
V  [jvm.dll+0x335513]
V  [jvm.dll+0x3349aa]
V  [jvm.dll+0x21a908]
V  [jvm.dll+0x219d3f]
V  [jvm.dll+0x1a55f6]
V  [jvm.dll+0x22a39a]
V  [jvm.dll+0x2284db]
V  [jvm.dll+0x7f4e28]
V  [jvm.dll+0x7ef2dc]
V  [jvm.dll+0x687687]
C  [ucrtbase.dll+0x37b0]
C  [KERNEL32.DLL+0x2e8d7]
C  [ntdll.dll+0x3c34c]


---------------  P R O C E S S  ---------------

Threads class SMR info:
_java_thread_list=0x000002475bc1cd40, length=237, elements={
0x000002471ba22e40, 0x000002473a2e4390, 0x000002473a2e6de0, 0x000002473a302b90,
0x000002473a305470, 0x000002473a3088c0, 0x000002473a30bd10, 0x000002473a3198b0,
0x000002473a32ff80, 0x000002473a31a5b0, 0x000002473a2cf720, 0x000002473a580e60,
0x000002475ae8d860, 0x000002475ae2a3b0, 0x000002475addfed0, 0x000002475afec040,
0x000002475affef70, 0x000002475af3dc60, 0x000002475af3d240, 0x000002475af3c820,
0x000002475af3e170, 0x000002475af3fac0, 0x000002475af3d750, 0x000002475af3cd30,
0x000002475af3eb90, 0x000002475ec19c30, 0x000002475ec19210, 0x000002475ec17dd0,
0x000002475ec182e0, 0x000002475ec18d00, 0x000002475ec1a140, 0x000002475ec1a650,
0x000002475ec1c4b0, 0x000002475ec1ced0, 0x000002475ec1d3e0, 0x000002475ec1d8f0,
0x000002475ec1de00, 0x000002475ec1e310, 0x000002475ec1ab60, 0x000002475ec1ba90,
0x000002475ec1c9c0, 0x000002475ec1bfa0, 0x000002475c8a6fa0, 0x000002475c8a8e00,
0x000002475c8a6580, 0x000002475c8a79c0, 0x000002475c8a6a90, 0x000002475c8a9d30,
0x000002475c8a9310, 0x000002475c8a88f0, 0x000002475c8a9820, 0x000002475c8a74b0,
0x000002475c8aa240, 0x000002475c8aa750, 0x000002475c8aac60, 0x000002475c8ab170,
0x000002475c8ab680, 0x000002475c8a7ed0, 0x000002475c8abb90, 0x000002475c8a83e0,
0x000002475c8ac0a0, 0x000002475c8ac5b0, 0x000002475c8acac0, 0x000002475c8ad4e0,
0x000002475c8acfd0, 0x000002475c8ad9f0, 0x000002475c8adf00, 0x000002475b8f1bf0,
0x000002475b8f4470, 0x000002475b8f2610, 0x000002475b8f2100, 0x000002475b8f3f60,
0x000002475b8f4e90, 0x000002475b8f3540, 0x000002475b8f4980, 0x000002475b8f2b20,
0x000002475b8f53a0, 0x000002475b8f58b0, 0x000002475b8f5dc0, 0x000002475b8f62d0,
0x000002475b8f67e0, 0x000002475b8f3030, 0x000002475b8f8130, 0x000002475b8f6cf0,
0x000002475b8f7200, 0x000002475b8f8b50, 0x000002475b8f7710, 0x000002475b8f7c20,
0x000002475b8f8640, 0x000002475f6f68c0, 0x000002475f6f5ea0, 0x000002475f6f3620,
0x000002475f6f5990, 0x000002475f6f63b0, 0x000002475f6f3110, 0x000002475f6f5480,
0x000002475f6f6dd0, 0x000002475f6f72e0, 0x000002475f6f3b30, 0x000002475f6f77f0,
0x000002475f6f4040, 0x000002475f6f4f70, 0x000002475f6f4a60, 0x000002475f6f7d00,
0x000002475f6f4550, 0x000002475f6f8210, 0x000002475f6fa580, 0x000002475f6f8720,
0x000002475f6f8c30, 0x000002475f6faa90, 0x000002475f6f9140, 0x000002475f6f9650,
0x000002475f6f9b60, 0x000002475f6fa070, 0x000002475d21e490, 0x000002475d21da70,
0x000002475d21e9a0, 0x000002475d21d050, 0x000002475d21c120, 0x000002475d21d560,
0x000002475d21df80, 0x000002475d21bc10, 0x000002475d21b700, 0x000002475d21cb40,
0x000002475d21eeb0, 0x000002475d21c630, 0x000002475df6fe80, 0x000002475df73630,
0x000002475df72c10, 0x000002475df70db0, 0x000002475df72700, 0x000002475df717d0,
0x000002475df73120, 0x000002475df73b40, 0x000002475df71ce0, 0x000002475df712c0,
0x000002475df721f0, 0x000002475df70390, 0x000002475df708a0, 0x000002475df759a0,
0x000002475df768d0, 0x000002475df772f0, 0x000002475df75eb0, 0x000002475df74050,
0x000002475df74a70, 0x000002475df763c0, 0x000002475df74560, 0x000002475df76de0,
0x000002475df74f80, 0x000002475df77800, 0x000002475df75490, 0x000002475f676710,
0x000002475f676c20, 0x000002475f674dc0, 0x000002475f6743a0, 0x000002475f676200,
0x000002475f673e90, 0x000002475f6748b0, 0x000002475f673470, 0x000002475f673980,
0x000002475f678a80, 0x000002475f678570, 0x000002475f6757e0, 0x000002475f6752d0,
0x000002475f6794a0, 0x000002475f675cf0, 0x000002475f677640, 0x000002475f677130,
0x000002475f67adf0, 0x000002475f67a8e0, 0x000002475f6799b0, 0x000002475f677b50,
0x000002475f679ec0, 0x000002475f678f90, 0x000002475f67a3d0, 0x000002475f678060,
0x000002475beca3e0, 0x000002475bec99c0, 0x000002475beca8f0, 0x000002475bec7140,
0x000002475bec7b60, 0x000002475bec8fa0, 0x000002475bec8580, 0x000002475bec8a90,
0x000002475bec94b0, 0x000002475becb310, 0x000002475becb820, 0x000002475bec8070,
0x000002475becd680, 0x000002475becdb90, 0x000002475bece5b0, 0x000002475bece0a0,
0x0000024760140870, 0x0000024760140d80, 0x0000024760141290, 0x00000247601417a0,
0x000002476013ef20, 0x00000247601426d0, 0x0000024760142be0, 0x00000247601468a0,
0x0000024760146390, 0x000002475ec187f0, 0x0000024760792110, 0x000002476078e960,
0x0000024760793040, 0x000002476078f890, 0x00000247607967f0, 0x00000247607962e0,
0x0000024760796d00, 0x0000024760794ea0, 0x0000024760793550, 0x0000024760797210,
0x0000024760795dd0, 0x0000024760793a60, 0x0000024760797720, 0x0000024760793f70,
0x0000024760794480, 0x0000024760798140, 0x0000024769136c60, 0x000002475e8b7150,
0x0000024769432e30, 0x0000024768b47e70, 0x000002476692bbe0, 0x0000024767333230,
0x0000024767332300, 0x000002475ec37060, 0x00000247698220a0, 0x0000024769821b90,
0x0000024765af3a60, 0x0000024768469180, 0x00000247673318e0, 0x000002475fbf5360,
0x0000024768b46a30, 0x0000024769821680, 0x000002476078ee70, 0x0000024769820750,
0x0000024769820c60
}

Java Threads: ( => current thread )
  0x000002471ba22e40 JavaThread "main" [_thread_blocked, id=19384, stack(0x0000004b02200000,0x0000004b02300000)]
  0x000002473a2e4390 JavaThread "Reference Handler" daemon [_thread_blocked, id=16100, stack(0x0000004b02900000,0x0000004b02a00000)]
  0x000002473a2e6de0 JavaThread "Finalizer" daemon [_thread_blocked, id=12056, stack(0x0000004b02a00000,0x0000004b02b00000)]
  0x000002473a302b90 JavaThread "Signal Dispatcher" daemon [_thread_blocked, id=24520, stack(0x0000004b02b00000,0x0000004b02c00000)]
  0x000002473a305470 JavaThread "Attach Listener" daemon [_thread_blocked, id=26236, stack(0x0000004b02c00000,0x0000004b02d00000)]
  0x000002473a3088c0 JavaThread "Service Thread" daemon [_thread_blocked, id=16164, stack(0x0000004b02d00000,0x0000004b02e00000)]
  0x000002473a30bd10 JavaThread "Monitor Deflation Thread" daemon [_thread_blocked, id=19304, stack(0x0000004b02e00000,0x0000004b02f00000)]
  0x000002473a3198b0 JavaThread "C2 CompilerThread0" daemon [_thread_in_native, id=23860, stack(0x0000004b02f00000,0x0000004b03000000)]
  0x000002473a32ff80 JavaThread "C1 CompilerThread0" daemon [_thread_in_native, id=6284, stack(0x0000004b03000000,0x0000004b03100000)]
  0x000002473a31a5b0 JavaThread "Sweeper thread" daemon [_thread_blocked, id=21588, stack(0x0000004b03100000,0x0000004b03200000)]
  0x000002473a2cf720 JavaThread "Common-Cleaner" daemon [_thread_blocked, id=24288, stack(0x0000004b03200000,0x0000004b03300000)]
  0x000002473a580e60 JavaThread "Notification Thread" daemon [_thread_blocked, id=1732, stack(0x0000004b03300000,0x0000004b03400000)]
  0x000002475ae8d860 JavaThread "Daemon health stats" [_thread_blocked, id=25820, stack(0x0000004b03a00000,0x0000004b03b00000)]
  0x000002475ae2a3b0 JavaThread "Incoming local TCP Connector on port 55911" [_thread_in_native, id=15940, stack(0x0000004b03b00000,0x0000004b03c00000)]
  0x000002475addfed0 JavaThread "Daemon periodic checks" [_thread_blocked, id=6288, stack(0x0000004b03c00000,0x0000004b03d00000)]
  0x000002475afec040 JavaThread "Daemon" [_thread_blocked, id=19292, stack(0x0000004b03d00000,0x0000004b03e00000)]
  0x000002475affef70 JavaThread "Handler for socket connection from /127.0.0.1:55911 to /127.0.0.1:55912" [_thread_in_native, id=4832, stack(0x0000004b03e00000,0x0000004b03f00000)]
  0x000002475af3dc60 JavaThread "Cancel handler" [_thread_blocked, id=7112, stack(0x0000004b03f00000,0x0000004b04000000)]
  0x000002475af3d240 JavaThread "Daemon worker" [_thread_blocked, id=20188, stack(0x0000004b04000000,0x0000004b04100000)]
  0x000002475af3c820 JavaThread "Asynchronous log dispatcher for DefaultDaemonConnection: socket connection from /127.0.0.1:55911 to /127.0.0.1:55912" [_thread_blocked, id=2216, stack(0x0000004b04100000,0x0000004b04200000)]
  0x000002475af3e170 JavaThread "Stdin handler" [_thread_blocked, id=24664, stack(0x0000004b04200000,0x0000004b04300000)]
  0x000002475af3fac0 JavaThread "Daemon client event forwarder" [_thread_blocked, id=20328, stack(0x0000004b04300000,0x0000004b04400000)]
  0x000002475af3d750 JavaThread "Cache worker for journal cache (C:\Users\Bikra\.gradle\caches\journal-1)" [_thread_blocked, id=12116, stack(0x0000004b04400000,0x0000004b04500000)]
  0x000002475af3cd30 JavaThread "File lock request listener" [_thread_in_native, id=18688, stack(0x0000004b04500000,0x0000004b04600000)]
  0x000002475af3eb90 JavaThread "Cache worker for file hash cache (C:\Users\Bikra\.gradle\caches\8.14.1\fileHashes)" [_thread_blocked, id=16228, stack(0x0000004b03500000,0x0000004b03600000)]
  0x000002475ec19c30 JavaThread "Cache worker for file hash cache (D:\ReactNative\HRMS\android\.gradle\8.14.1\fileHashes)" [_thread_blocked, id=17136, stack(0x0000004b04d00000,0x0000004b04e00000)]
  0x000002475ec19210 JavaThread "Cache worker for Build Output Cleanup Cache (D:\ReactNative\HRMS\android\.gradle\buildOutputCleanup)" [_thread_blocked, id=22344, stack(0x0000004b04e00000,0x0000004b04f00000)]
  0x000002475ec17dd0 JavaThread "File watcher server" daemon [_thread_in_native, id=23620, stack(0x0000004b05100000,0x0000004b05200000)]
  0x000002475ec182e0 JavaThread "File watcher consumer" daemon [_thread_blocked, id=10804, stack(0x0000004b05200000,0x0000004b05300000)]
  0x000002475ec18d00 JavaThread "jar transforms" [_thread_blocked, id=8320, stack(0x0000004b05300000,0x0000004b05400000)]
  0x000002475ec1a140 JavaThread "Cache worker for checksums cache (D:\ReactNative\HRMS\android\.gradle\8.14.1\checksums)" [_thread_blocked, id=26248, stack(0x0000004b05400000,0x0000004b05500000)]
  0x000002475ec1a650 JavaThread "Cache worker for file content cache (C:\Users\Bikra\.gradle\caches\8.14.1\fileContent)" [_thread_blocked, id=25412, stack(0x0000004b05500000,0x0000004b05600000)]
  0x000002475ec1c4b0 JavaThread "Cache worker for cache directory md-supplier (C:\Users\Bikra\.gradle\caches\8.14.1\md-supplier)" [_thread_blocked, id=15924, stack(0x0000004b05600000,0x0000004b05700000)]
  0x000002475ec1ced0 JavaThread "Cache worker for cache directory md-rule (C:\Users\Bikra\.gradle\caches\8.14.1\md-rule)" [_thread_blocked, id=2136, stack(0x0000004b05700000,0x0000004b05800000)]
  0x000002475ec1d3e0 JavaThread "Cache worker for Build Output Cleanup Cache (D:\ReactNative\HRMS\node_modules\@react-native\gradle-plugin\.gradle\buildOutputCleanup)" [_thread_blocked, id=13004, stack(0x0000004b05800000,0x0000004b05900000)]
  0x000002475ec1d8f0 JavaThread "Unconstrained build operations" [_thread_blocked, id=21488, stack(0x0000004b05900000,0x0000004b05a00000)]
  0x000002475ec1de00 JavaThread "Unconstrained build operations Thread 2" [_thread_blocked, id=21864, stack(0x0000004b05a00000,0x0000004b05b00000)]
  0x000002475ec1e310 JavaThread "Unconstrained build operations Thread 3" [_thread_blocked, id=13956, stack(0x0000004b05b00000,0x0000004b05c00000)]
  0x000002475ec1ab60 JavaThread "Unconstrained build operations Thread 4" [_thread_blocked, id=24628, stack(0x0000004b05c00000,0x0000004b05d00000)]
  0x000002475ec1ba90 JavaThread "Unconstrained build operations Thread 5" [_thread_blocked, id=24720, stack(0x0000004b05d00000,0x0000004b05e00000)]
  0x000002475ec1c9c0 JavaThread "Unconstrained build operations Thread 6" [_thread_blocked, id=20708, stack(0x0000004b05e00000,0x0000004b05f00000)]
  0x000002475ec1bfa0 JavaThread "Unconstrained build operations Thread 7" [_thread_blocked, id=21092, stack(0x0000004b05f00000,0x0000004b06000000)]
  0x000002475c8a6fa0 JavaThread "Unconstrained build operations Thread 8" [_thread_blocked, id=20552, stack(0x0000004b06000000,0x0000004b06100000)]
  0x000002475c8a8e00 JavaThread "Unconstrained build operations Thread 9" [_thread_blocked, id=25020, stack(0x0000004b06100000,0x0000004b06200000)]
  0x000002475c8a6580 JavaThread "Unconstrained build operations Thread 10" [_thread_blocked, id=22684, stack(0x0000004b06200000,0x0000004b06300000)]
  0x000002475c8a79c0 JavaThread "Unconstrained build operations Thread 11" [_thread_blocked, id=20280, stack(0x0000004b06300000,0x0000004b06400000)]
  0x000002475c8a6a90 JavaThread "Unconstrained build operations Thread 12" [_thread_blocked, id=25476, stack(0x0000004b06400000,0x0000004b06500000)]
  0x000002475c8a9d30 JavaThread "Unconstrained build operations Thread 13" [_thread_blocked, id=10440, stack(0x0000004b06500000,0x0000004b06600000)]
  0x000002475c8a9310 JavaThread "Unconstrained build operations Thread 14" [_thread_blocked, id=19432, stack(0x0000004b06600000,0x0000004b06700000)]
  0x000002475c8a88f0 JavaThread "Unconstrained build operations Thread 15" [_thread_blocked, id=10484, stack(0x0000004b06700000,0x0000004b06800000)]
  0x000002475c8a9820 JavaThread "Unconstrained build operations Thread 16" [_thread_blocked, id=23272, stack(0x0000004b06800000,0x0000004b06900000)]
  0x000002475c8a74b0 JavaThread "Unconstrained build operations Thread 17" [_thread_blocked, id=25936, stack(0x0000004b06900000,0x0000004b06a00000)]
  0x000002475c8aa240 JavaThread "Unconstrained build operations Thread 18" [_thread_blocked, id=23948, stack(0x0000004b06a00000,0x0000004b06b00000)]
  0x000002475c8aa750 JavaThread "Unconstrained build operations Thread 19" [_thread_blocked, id=18896, stack(0x0000004b06b00000,0x0000004b06c00000)]
  0x000002475c8aac60 JavaThread "Unconstrained build operations Thread 20" [_thread_blocked, id=8764, stack(0x0000004b06c00000,0x0000004b06d00000)]
  0x000002475c8ab170 JavaThread "Unconstrained build operations Thread 21" [_thread_blocked, id=10392, stack(0x0000004b06d00000,0x0000004b06e00000)]
  0x000002475c8ab680 JavaThread "Unconstrained build operations Thread 22" [_thread_blocked, id=16628, stack(0x0000004b06e00000,0x0000004b06f00000)]
  0x000002475c8a7ed0 JavaThread "Unconstrained build operations Thread 23" [_thread_blocked, id=2592, stack(0x0000004b06f00000,0x0000004b07000000)]
  0x000002475c8abb90 JavaThread "Unconstrained build operations Thread 24" [_thread_blocked, id=10884, stack(0x0000004b07000000,0x0000004b07100000)]
  0x000002475c8a83e0 JavaThread "Unconstrained build operations Thread 25" [_thread_blocked, id=20476, stack(0x0000004b07100000,0x0000004b07200000)]
  0x000002475c8ac0a0 JavaThread "Unconstrained build operations Thread 26" [_thread_blocked, id=8616, stack(0x0000004b07200000,0x0000004b07300000)]
  0x000002475c8ac5b0 JavaThread "Unconstrained build operations Thread 27" [_thread_blocked, id=21384, stack(0x0000004b07300000,0x0000004b07400000)]
  0x000002475c8acac0 JavaThread "Unconstrained build operations Thread 28" [_thread_blocked, id=22936, stack(0x0000004b07400000,0x0000004b07500000)]
  0x000002475c8ad4e0 JavaThread "Unconstrained build operations Thread 29" [_thread_blocked, id=16224, stack(0x0000004b07500000,0x0000004b07600000)]
  0x000002475c8acfd0 JavaThread "Unconstrained build operations Thread 30" [_thread_blocked, id=18404, stack(0x0000004b07600000,0x0000004b07700000)]
  0x000002475c8ad9f0 JavaThread "Unconstrained build operations Thread 31" [_thread_blocked, id=16752, stack(0x0000004b07700000,0x0000004b07800000)]
  0x000002475c8adf00 JavaThread "Unconstrained build operations Thread 32" [_thread_blocked, id=16656, stack(0x0000004b07800000,0x0000004b07900000)]
  0x000002475b8f1bf0 JavaThread "Unconstrained build operations Thread 33" [_thread_blocked, id=23188, stack(0x0000004b07900000,0x0000004b07a00000)]
  0x000002475b8f4470 JavaThread "Unconstrained build operations Thread 34" [_thread_blocked, id=20760, stack(0x0000004b07a00000,0x0000004b07b00000)]
  0x000002475b8f2610 JavaThread "Unconstrained build operations Thread 35" [_thread_blocked, id=22688, stack(0x0000004b07b00000,0x0000004b07c00000)]
  0x000002475b8f2100 JavaThread "Unconstrained build operations Thread 36" [_thread_blocked, id=19940, stack(0x0000004b07c00000,0x0000004b07d00000)]
  0x000002475b8f3f60 JavaThread "Unconstrained build operations Thread 37" [_thread_blocked, id=6908, stack(0x0000004b07d00000,0x0000004b07e00000)]
  0x000002475b8f4e90 JavaThread "Unconstrained build operations Thread 38" [_thread_blocked, id=17140, stack(0x0000004b07e00000,0x0000004b07f00000)]
  0x000002475b8f3540 JavaThread "Unconstrained build operations Thread 39" [_thread_blocked, id=5900, stack(0x0000004b07f00000,0x0000004b08000000)]
  0x000002475b8f4980 JavaThread "build event listener" [_thread_blocked, id=15828, stack(0x0000004b08000000,0x0000004b08100000)]
  0x000002475b8f2b20 JavaThread "Memory manager" [_thread_blocked, id=24316, stack(0x0000004b04c00000,0x0000004b04d00000)]
  0x000002475b8f53a0 JavaThread "ForkJoinPool.commonPool-worker-1" daemon [_thread_blocked, id=24448, stack(0x0000004b08100000,0x0000004b08200000)]
  0x000002475b8f58b0 JavaThread "ForkJoinPool.commonPool-worker-2" daemon [_thread_blocked, id=8640, stack(0x0000004b08200000,0x0000004b08300000)]
  0x000002475b8f5dc0 JavaThread "ForkJoinPool.commonPool-worker-3" daemon [_thread_blocked, id=8100, stack(0x0000004b08300000,0x0000004b08400000)]
  0x000002475b8f62d0 JavaThread "ForkJoinPool.commonPool-worker-4" daemon [_thread_blocked, id=21000, stack(0x0000004b08400000,0x0000004b08500000)]
  0x000002475b8f67e0 JavaThread "ForkJoinPool.commonPool-worker-5" daemon [_thread_blocked, id=20664, stack(0x0000004b08500000,0x0000004b08600000)]
  0x000002475b8f3030 JavaThread "ForkJoinPool.commonPool-worker-6" daemon [_thread_blocked, id=22752, stack(0x0000004b08600000,0x0000004b08700000)]
  0x000002475b8f8130 JavaThread "ForkJoinPool.commonPool-worker-7" daemon [_thread_blocked, id=17924, stack(0x0000004b08700000,0x0000004b08800000)]
  0x000002475b8f6cf0 JavaThread "ForkJoinPool.commonPool-worker-8" daemon [_thread_blocked, id=2688, stack(0x0000004b08800000,0x0000004b08900000)]
  0x000002475b8f7200 JavaThread "ForkJoinPool.commonPool-worker-9" daemon [_thread_blocked, id=3624, stack(0x0000004b08900000,0x0000004b08a00000)]
  0x000002475b8f8b50 JavaThread "ForkJoinPool.commonPool-worker-10" daemon [_thread_blocked, id=18296, stack(0x0000004b08a00000,0x0000004b08b00000)]
  0x000002475b8f7710 JavaThread "Exec process" [_thread_blocked, id=19844, stack(0x0000004b08b00000,0x0000004b08c00000)]
  0x000002475b8f7c20 JavaThread "Exec process Thread 2" [_thread_blocked, id=18976, stack(0x0000004b08c00000,0x0000004b08d00000)]
  0x000002475b8f8640 JavaThread "Exec process Thread 3" [_thread_blocked, id=10308, stack(0x0000004b08d00000,0x0000004b08e00000)]
  0x000002475f6f68c0 JavaThread "included builds" [_thread_blocked, id=21140, stack(0x0000004b08e00000,0x0000004b08f00000)]
  0x000002475f6f5ea0 JavaThread "Execution worker" [_thread_blocked, id=10092, stack(0x0000004b08f00000,0x0000004b09000000)]
  0x000002475f6f3620 JavaThread "Execution worker Thread 2" [_thread_blocked, id=4168, stack(0x0000004b09000000,0x0000004b09100000)]
  0x000002475f6f5990 JavaThread "Execution worker Thread 3" [_thread_blocked, id=22392, stack(0x0000004b09100000,0x0000004b09200000)]
  0x000002475f6f63b0 JavaThread "Execution worker Thread 4" [_thread_in_vm, id=17636, stack(0x0000004b09200000,0x0000004b09300000)]
  0x000002475f6f3110 JavaThread "Execution worker Thread 5" [_thread_blocked, id=22052, stack(0x0000004b09300000,0x0000004b09400000)]
  0x000002475f6f5480 JavaThread "Execution worker Thread 6" [_thread_blocked, id=8624, stack(0x0000004b09400000,0x0000004b09500000)]
  0x000002475f6f6dd0 JavaThread "Execution worker Thread 7" [_thread_blocked, id=9776, stack(0x0000004b09500000,0x0000004b09600000)]
  0x000002475f6f72e0 JavaThread "Execution worker Thread 8" [_thread_blocked, id=21456, stack(0x0000004b09600000,0x0000004b09700000)]
  0x000002475f6f3b30 JavaThread "Execution worker Thread 9" [_thread_blocked, id=19172, stack(0x0000004b09700000,0x0000004b09800000)]
  0x000002475f6f77f0 JavaThread "Execution worker Thread 10" [_thread_in_vm, id=22628, stack(0x0000004b09800000,0x0000004b09900000)]
  0x000002475f6f4040 JavaThread "Execution worker Thread 11" [_thread_in_Java, id=14360, stack(0x0000004b09900000,0x0000004b09a00000)]
  0x000002475f6f4f70 JavaThread "Cache worker for execution history cache (D:\ReactNative\HRMS\node_modules\@react-native\gradle-plugin\.gradle\8.14.1\executionHistory)" [_thread_blocked, id=24036, stack(0x0000004b09a00000,0x0000004b09b00000)]
  0x000002475f6f4a60 JavaThread "Unconstrained build operations Thread 40" [_thread_blocked, id=24956, stack(0x0000004b09b00000,0x0000004b09c00000)]
  0x000002475f6f7d00 JavaThread "Unconstrained build operations Thread 41" [_thread_blocked, id=23032, stack(0x0000004b09c00000,0x0000004b09d00000)]
  0x000002475f6f4550 JavaThread "Unconstrained build operations Thread 42" [_thread_blocked, id=21996, stack(0x0000004b09d00000,0x0000004b09e00000)]
  0x000002475f6f8210 JavaThread "Unconstrained build operations Thread 43" [_thread_blocked, id=24836, stack(0x0000004b09e00000,0x0000004b09f00000)]
  0x000002475f6fa580 JavaThread "Unconstrained build operations Thread 44" [_thread_blocked, id=24736, stack(0x0000004b09f00000,0x0000004b0a000000)]
  0x000002475f6f8720 JavaThread "Unconstrained build operations Thread 45" [_thread_blocked, id=23092, stack(0x0000004b0a000000,0x0000004b0a100000)]
  0x000002475f6f8c30 JavaThread "Unconstrained build operations Thread 46" [_thread_blocked, id=23112, stack(0x0000004b0a100000,0x0000004b0a200000)]
  0x000002475f6faa90 JavaThread "Unconstrained build operations Thread 47" [_thread_blocked, id=24728, stack(0x0000004b0a200000,0x0000004b0a300000)]
  0x000002475f6f9140 JavaThread "Unconstrained build operations Thread 48" [_thread_blocked, id=21836, stack(0x0000004b0a300000,0x0000004b0a400000)]
  0x000002475f6f9650 JavaThread "Unconstrained build operations Thread 49" [_thread_blocked, id=26404, stack(0x0000004b0a400000,0x0000004b0a500000)]
  0x000002475f6f9b60 JavaThread "Unconstrained build operations Thread 50" [_thread_blocked, id=22996, stack(0x0000004b0a500000,0x0000004b0a600000)]
  0x000002475f6fa070 JavaThread "Unconstrained build operations Thread 51" [_thread_blocked, id=21624, stack(0x0000004b0a600000,0x0000004b0a700000)]
  0x000002475d21e490 JavaThread "Unconstrained build operations Thread 52" [_thread_blocked, id=17088, stack(0x0000004b0a700000,0x0000004b0a800000)]
  0x000002475d21da70 JavaThread "Unconstrained build operations Thread 53" [_thread_blocked, id=22724, stack(0x0000004b0a800000,0x0000004b0a900000)]
  0x000002475d21e9a0 JavaThread "Unconstrained build operations Thread 54" [_thread_blocked, id=11992, stack(0x0000004b0a900000,0x0000004b0aa00000)]
  0x000002475d21d050 JavaThread "Unconstrained build operations Thread 55" [_thread_blocked, id=26608, stack(0x0000004b0aa00000,0x0000004b0ab00000)]
  0x000002475d21c120 JavaThread "Unconstrained build operations Thread 56" [_thread_blocked, id=3528, stack(0x0000004b0ab00000,0x0000004b0ac00000)]
  0x000002475d21d560 JavaThread "Unconstrained build operations Thread 57" [_thread_blocked, id=25684, stack(0x0000004b0ac00000,0x0000004b0ad00000)]
  0x000002475d21df80 JavaThread "Unconstrained build operations Thread 58" [_thread_blocked, id=19316, stack(0x0000004b0ad00000,0x0000004b0ae00000)]
  0x000002475d21bc10 JavaThread "Unconstrained build operations Thread 59" [_thread_blocked, id=12996, stack(0x0000004b0ae00000,0x0000004b0af00000)]
  0x000002475d21b700 JavaThread "Unconstrained build operations Thread 60" [_thread_blocked, id=12412, stack(0x0000004b0af00000,0x0000004b0b000000)]
  0x000002475d21cb40 JavaThread "Unconstrained build operations Thread 61" [_thread_blocked, id=7864, stack(0x0000004b0b000000,0x0000004b0b100000)]
  0x000002475d21eeb0 JavaThread "Unconstrained build operations Thread 62" [_thread_blocked, id=4852, stack(0x0000004b0b100000,0x0000004b0b200000)]
  0x000002475d21c630 JavaThread "Unconstrained build operations Thread 63" [_thread_blocked, id=11908, stack(0x0000004b0b200000,0x0000004b0b300000)]
  0x000002475df6fe80 JavaThread "Unconstrained build operations Thread 64" [_thread_blocked, id=25068, stack(0x0000004b0b300000,0x0000004b0b400000)]
  0x000002475df73630 JavaThread "Unconstrained build operations Thread 65" [_thread_blocked, id=23476, stack(0x0000004b0b400000,0x0000004b0b500000)]
  0x000002475df72c10 JavaThread "Unconstrained build operations Thread 66" [_thread_blocked, id=16360, stack(0x0000004b0b500000,0x0000004b0b600000)]
  0x000002475df70db0 JavaThread "Unconstrained build operations Thread 67" [_thread_blocked, id=17376, stack(0x0000004b0b600000,0x0000004b0b700000)]
  0x000002475df72700 JavaThread "Unconstrained build operations Thread 68" [_thread_blocked, id=1968, stack(0x0000004b0b700000,0x0000004b0b800000)]
  0x000002475df717d0 JavaThread "Unconstrained build operations Thread 69" [_thread_blocked, id=6140, stack(0x0000004b0b800000,0x0000004b0b900000)]
  0x000002475df73120 JavaThread "Unconstrained build operations Thread 70" [_thread_blocked, id=19408, stack(0x0000004b0b900000,0x0000004b0ba00000)]
  0x000002475df73b40 JavaThread "Unconstrained build operations Thread 71" [_thread_blocked, id=22376, stack(0x0000004b0ba00000,0x0000004b0bb00000)]
  0x000002475df71ce0 JavaThread "Unconstrained build operations Thread 72" [_thread_blocked, id=25884, stack(0x0000004b0bb00000,0x0000004b0bc00000)]
  0x000002475df712c0 JavaThread "Unconstrained build operations Thread 73" [_thread_blocked, id=13692, stack(0x0000004b0bc00000,0x0000004b0bd00000)]
  0x000002475df721f0 JavaThread "Unconstrained build operations Thread 74" [_thread_blocked, id=24348, stack(0x0000004b0bd00000,0x0000004b0be00000)]
  0x000002475df70390 JavaThread "Unconstrained build operations Thread 75" [_thread_blocked, id=1532, stack(0x0000004b0be00000,0x0000004b0bf00000)]
  0x000002475df708a0 JavaThread "Unconstrained build operations Thread 76" [_thread_blocked, id=15984, stack(0x0000004b0bf00000,0x0000004b0c000000)]
  0x000002475df759a0 JavaThread "Unconstrained build operations Thread 77" [_thread_blocked, id=17364, stack(0x0000004b0c000000,0x0000004b0c100000)]
  0x000002475df768d0 JavaThread "Unconstrained build operations Thread 78" [_thread_blocked, id=24016, stack(0x0000004b0c100000,0x0000004b0c200000)]
  0x000002475df772f0 JavaThread "Unconstrained build operations Thread 79" [_thread_blocked, id=10572, stack(0x0000004b0c200000,0x0000004b0c300000)]
  0x000002475df75eb0 JavaThread "Unconstrained build operations Thread 80" [_thread_blocked, id=18452, stack(0x0000004b0c300000,0x0000004b0c400000)]
  0x000002475df74050 JavaThread "Unconstrained build operations Thread 81" [_thread_blocked, id=12180, stack(0x0000004b0c400000,0x0000004b0c500000)]
  0x000002475df74a70 JavaThread "Unconstrained build operations Thread 82" [_thread_blocked, id=22696, stack(0x0000004b04b00000,0x0000004b04c00000)]
  0x000002475df763c0 JavaThread "Unconstrained build operations Thread 83" [_thread_blocked, id=19908, stack(0x0000004b0c500000,0x0000004b0c600000)]
  0x000002475df74560 JavaThread "Unconstrained build operations Thread 84" [_thread_blocked, id=14268, stack(0x0000004b0c600000,0x0000004b0c700000)]
  0x000002475df76de0 JavaThread "Unconstrained build operations Thread 85" [_thread_blocked, id=3880, stack(0x0000004b0c700000,0x0000004b0c800000)]
  0x000002475df74f80 JavaThread "Unconstrained build operations Thread 86" [_thread_blocked, id=12492, stack(0x0000004b0c800000,0x0000004b0c900000)]
  0x000002475df77800 JavaThread "Unconstrained build operations Thread 87" [_thread_blocked, id=21036, stack(0x0000004b0c900000,0x0000004b0ca00000)]
  0x000002475df75490 JavaThread "Unconstrained build operations Thread 88" [_thread_blocked, id=16704, stack(0x0000004b0ca00000,0x0000004b0cb00000)]
  0x000002475f676710 JavaThread "Unconstrained build operations Thread 89" [_thread_blocked, id=13896, stack(0x0000004b0cb00000,0x0000004b0cc00000)]
  0x000002475f676c20 JavaThread "Unconstrained build operations Thread 90" [_thread_blocked, id=23136, stack(0x0000004b0cc00000,0x0000004b0cd00000)]
  0x000002475f674dc0 JavaThread "Unconstrained build operations Thread 91" [_thread_blocked, id=24688, stack(0x0000004b0cd00000,0x0000004b0ce00000)]
  0x000002475f6743a0 JavaThread "Unconstrained build operations Thread 92" [_thread_blocked, id=19936, stack(0x0000004b0ce00000,0x0000004b0cf00000)]
  0x000002475f676200 JavaThread "Unconstrained build operations Thread 93" [_thread_blocked, id=15056, stack(0x0000004b0d000000,0x0000004b0d100000)]
  0x000002475f673e90 JavaThread "Unconstrained build operations Thread 94" [_thread_blocked, id=26144, stack(0x0000004b0d100000,0x0000004b0d200000)]
  0x000002475f6748b0 JavaThread "Unconstrained build operations Thread 95" [_thread_blocked, id=4220, stack(0x0000004b0d200000,0x0000004b0d300000)]
  0x000002475f673470 JavaThread "Unconstrained build operations Thread 96" [_thread_blocked, id=21016, stack(0x0000004b0d300000,0x0000004b0d400000)]
  0x000002475f673980 JavaThread "Unconstrained build operations Thread 97" [_thread_blocked, id=25752, stack(0x0000004b0d400000,0x0000004b0d500000)]
  0x000002475f678a80 JavaThread "Unconstrained build operations Thread 98" [_thread_blocked, id=23284, stack(0x0000004b0d500000,0x0000004b0d600000)]
  0x000002475f678570 JavaThread "Unconstrained build operations Thread 99" [_thread_blocked, id=6748, stack(0x0000004b0d600000,0x0000004b0d700000)]
  0x000002475f6757e0 JavaThread "Unconstrained build operations Thread 100" [_thread_blocked, id=5700, stack(0x0000004b0d700000,0x0000004b0d800000)]
  0x000002475f6752d0 JavaThread "Unconstrained build operations Thread 101" [_thread_blocked, id=14572, stack(0x0000004b0d800000,0x0000004b0d900000)]
  0x000002475f6794a0 JavaThread "Unconstrained build operations Thread 102" [_thread_blocked, id=21584, stack(0x0000004b0d900000,0x0000004b0da00000)]
  0x000002475f675cf0 JavaThread "Unconstrained build operations Thread 103" [_thread_blocked, id=25788, stack(0x0000004b0da00000,0x0000004b0db00000)]
  0x000002475f677640 JavaThread "Unconstrained build operations Thread 104" [_thread_blocked, id=25808, stack(0x0000004b0db00000,0x0000004b0dc00000)]
  0x000002475f677130 JavaThread "Unconstrained build operations Thread 105" [_thread_blocked, id=16932, stack(0x0000004b0dc00000,0x0000004b0dd00000)]
  0x000002475f67adf0 JavaThread "Unconstrained build operations Thread 106" [_thread_blocked, id=6084, stack(0x0000004b0dd00000,0x0000004b0de00000)]
  0x000002475f67a8e0 JavaThread "Unconstrained build operations Thread 107" [_thread_blocked, id=24096, stack(0x0000004b0de00000,0x0000004b0df00000)]
  0x000002475f6799b0 JavaThread "Unconstrained build operations Thread 108" [_thread_blocked, id=18824, stack(0x0000004b0df00000,0x0000004b0e000000)]
  0x000002475f677b50 JavaThread "Unconstrained build operations Thread 109" [_thread_blocked, id=22404, stack(0x0000004b0e000000,0x0000004b0e100000)]
  0x000002475f679ec0 JavaThread "Unconstrained build operations Thread 110" [_thread_blocked, id=24072, stack(0x0000004b0e100000,0x0000004b0e200000)]
  0x000002475f678f90 JavaThread "Unconstrained build operations Thread 111" [_thread_blocked, id=4496, stack(0x0000004b0e200000,0x0000004b0e300000)]
  0x000002475f67a3d0 JavaThread "Unconstrained build operations Thread 112" [_thread_blocked, id=18492, stack(0x0000004b0e300000,0x0000004b0e400000)]
  0x000002475f678060 JavaThread "Unconstrained build operations Thread 113" [_thread_blocked, id=2624, stack(0x0000004b0e400000,0x0000004b0e500000)]
  0x000002475beca3e0 JavaThread "Unconstrained build operations Thread 114" [_thread_blocked, id=22592, stack(0x0000004b0e500000,0x0000004b0e600000)]
  0x000002475bec99c0 JavaThread "jar transforms Thread 2" [_thread_blocked, id=18456, stack(0x0000004b0e600000,0x0000004b0e700000)]
  0x000002475beca8f0 JavaThread "jar transforms Thread 3" [_thread_blocked, id=420, stack(0x0000004b0e700000,0x0000004b0e800000)]
  0x000002475bec7140 JavaThread "Unconstrained build operations Thread 115" [_thread_blocked, id=18888, stack(0x0000004b0cf00000,0x0000004b0d000000)]
  0x000002475bec7b60 JavaThread "Unconstrained build operations Thread 116" [_thread_blocked, id=11804, stack(0x0000004b0e800000,0x0000004b0e900000)]
  0x000002475bec8fa0 JavaThread "Unconstrained build operations Thread 117" [_thread_blocked, id=19460, stack(0x0000004b0e900000,0x0000004b0ea00000)]
  0x000002475bec8580 JavaThread "Unconstrained build operations Thread 118" [_thread_blocked, id=26508, stack(0x0000004b0ea00000,0x0000004b0eb00000)]
  0x000002475bec8a90 JavaThread "Unconstrained build operations Thread 119" [_thread_blocked, id=10728, stack(0x0000004b0eb00000,0x0000004b0ec00000)]
  0x000002475bec94b0 JavaThread "Unconstrained build operations Thread 120" [_thread_blocked, id=5100, stack(0x0000004b0ec00000,0x0000004b0ed00000)]
  0x000002475becb310 JavaThread "jar transforms Thread 4" [_thread_blocked, id=11796, stack(0x0000004b0ee00000,0x0000004b0ef00000)]
  0x000002475becb820 JavaThread "jar transforms Thread 5" [_thread_blocked, id=25692, stack(0x0000004b0ed00000,0x0000004b0ee00000)]
  0x000002475bec8070 JavaThread "jar transforms Thread 6" [_thread_blocked, id=16824, stack(0x0000004b0ef00000,0x0000004b0f000000)]
  0x000002475becd680 JavaThread "Problems report writer" [_thread_blocked, id=24992, stack(0x0000004b0f000000,0x0000004b0f100000)]
  0x000002475becdb90 JavaThread "build event listener" [_thread_blocked, id=12588, stack(0x0000004b0f100000,0x0000004b0f200000)]
  0x000002475bece5b0 JavaThread "jar transforms Thread 7" [_thread_blocked, id=16588, stack(0x0000004b0f200000,0x0000004b0f300000)]
  0x000002475bece0a0 JavaThread "jar transforms Thread 8" [_thread_blocked, id=26032, stack(0x0000004b0f300000,0x0000004b0f400000)]
  0x0000024760140870 JavaThread "jar transforms Thread 9" [_thread_blocked, id=15644, stack(0x0000004b0f600000,0x0000004b0f700000)]
  0x0000024760140d80 JavaThread "jar transforms Thread 10" [_thread_blocked, id=25648, stack(0x0000004b0f700000,0x0000004b0f800000)]
  0x0000024760141290 JavaThread "jar transforms Thread 11" [_thread_blocked, id=21500, stack(0x0000004b0f800000,0x0000004b0f900000)]
  0x00000247601417a0 JavaThread "jar transforms Thread 12" [_thread_blocked, id=8272, stack(0x0000004b0f900000,0x0000004b0fa00000)]
  0x000002476013ef20 JavaThread "Exec process" [_thread_blocked, id=22072, stack(0x0000004b0fa00000,0x0000004b0fb00000)]
  0x00000247601426d0 JavaThread "Exec process Thread 2" [_thread_blocked, id=12912, stack(0x0000004b0fb00000,0x0000004b0fc00000)]
  0x0000024760142be0 JavaThread "Exec process Thread 3" [_thread_blocked, id=6216, stack(0x0000004b0fc00000,0x0000004b0fd00000)]
  0x00000247601468a0 JavaThread "pool-3-thread-1" [_thread_blocked, id=8332, stack(0x0000004b0f400000,0x0000004b0f500000)]
  0x0000024760146390 JavaThread "build event listener" [_thread_blocked, id=15244, stack(0x0000004b0f500000,0x0000004b0f600000)]
  0x000002475ec187f0 JavaThread "Cache worker for execution history cache (D:\ReactNative\HRMS\android\.gradle\8.14.1\executionHistory)" [_thread_blocked, id=9520, stack(0x0000004b0fd00000,0x0000004b0fe00000)]
  0x0000024760792110 JavaThread "WorkerExecutor Queue" [_thread_blocked, id=26164, stack(0x0000004b10000000,0x0000004b10100000)]
  0x000002476078e960 JavaThread "Cache worker for Java compile cache (C:\Users\Bikra\.gradle\caches\8.14.1\javaCompile)" [_thread_blocked, id=20236, stack(0x0000004b10100000,0x0000004b10200000)]
  0x0000024760793040 JavaThread "Build operations" [_thread_blocked, id=22904, stack(0x0000004b10200000,0x0000004b10300000)]
  0x000002476078f890 JavaThread "Build operations Thread 2" [_thread_blocked, id=9616, stack(0x0000004b10300000,0x0000004b10400000)]
  0x00000247607967f0 JavaThread "Build operations Thread 3" [_thread_blocked, id=5664, stack(0x0000004b10400000,0x0000004b10500000)]
  0x00000247607962e0 JavaThread "Build operations Thread 4" [_thread_blocked, id=22736, stack(0x0000004b10500000,0x0000004b10600000)]
  0x0000024760796d00 JavaThread "Build operations Thread 5" [_thread_blocked, id=22772, stack(0x0000004b10600000,0x0000004b10700000)]
  0x0000024760794ea0 JavaThread "Build operations Thread 6" [_thread_blocked, id=20248, stack(0x0000004b10700000,0x0000004b10800000)]
  0x0000024760793550 JavaThread "Build operations Thread 7" [_thread_blocked, id=18788, stack(0x0000004b10800000,0x0000004b10900000)]
  0x0000024760797210 JavaThread "Build operations Thread 8" [_thread_blocked, id=24752, stack(0x0000004b10900000,0x0000004b10a00000)]
  0x0000024760795dd0 JavaThread "Build operations Thread 9" [_thread_blocked, id=3252, stack(0x0000004b10a00000,0x0000004b10b00000)]
  0x0000024760793a60 JavaThread "Build operations Thread 10" [_thread_blocked, id=24636, stack(0x0000004b10b00000,0x0000004b10c00000)]
  0x0000024760797720 JavaThread "Build operations Thread 11" [_thread_blocked, id=25576, stack(0x0000004b10c00000,0x0000004b10d00000)]
  0x0000024760793f70 JavaThread "WorkerExecutor Queue Thread 2" [_thread_blocked, id=20660, stack(0x0000004b10e00000,0x0000004b10f00000)]
  0x0000024760794480 JavaThread "Build operations Thread 12" [_thread_blocked, id=14496, stack(0x0000004b11000000,0x0000004b11100000)]
  0x0000024760798140 JavaThread "WorkerExecutor Queue Thread 3" [_thread_blocked, id=7944, stack(0x0000004b11100000,0x0000004b11200000)]
  0x0000024769136c60 JavaThread "WorkerExecutor Queue Thread 4" [_thread_blocked, id=2272, stack(0x0000004b11300000,0x0000004b11400000)]
  0x000002475e8b7150 JavaThread "WorkerExecutor Queue Thread 5" [_thread_blocked, id=11616, stack(0x0000004b11400000,0x0000004b11500000)]
  0x0000024769432e30 JavaThread "WorkerExecutor Queue Thread 6" [_thread_blocked, id=19508, stack(0x0000004b10d00000,0x0000004b10e00000)]
  0x0000024768b47e70 JavaThread "WorkerExecutor Queue Thread 7" [_thread_blocked, id=21196, stack(0x0000004b11500000,0x0000004b11600000)]
  0x000002476692bbe0 JavaThread "C2 CompilerThread1" daemon [_thread_in_native, id=25604, stack(0x0000004b10f00000,0x0000004b11000000)]
  0x0000024767333230 JavaThread "RMI Scheduler(0)" daemon [_thread_blocked, id=23760, stack(0x0000004b11600000,0x0000004b11700000)]
  0x0000024767332300 JavaThread "RMI GC Daemon" daemon [_thread_blocked, id=19400, stack(0x0000004b11800000,0x0000004b11900000)]
=>0x000002475ec37060 JavaThread "C2 CompilerThread2" daemon [_thread_in_native, id=24624, stack(0x0000004b11900000,0x0000004b11a00000)]
  0x00000247698220a0 JavaThread "RMI TCP Accept-0" daemon [_thread_in_native, id=9072, stack(0x0000004b11a00000,0x0000004b11b00000)]
  0x0000024769821b90 JavaThread "RMI Reaper" [_thread_blocked, id=24932, stack(0x0000004b11b00000,0x0000004b11c00000)]
  0x0000024765af3a60 JavaThread "RMI TCP Connection(1)-127.0.0.1" daemon [_thread_in_native, id=24708, stack(0x0000004b11c00000,0x0000004b11d00000)]
  0x0000024768469180 JavaThread "WorkerExecutor Queue Thread 8" [_thread_blocked, id=19348, stack(0x0000004b11d00000,0x0000004b11e00000)]
  0x00000247673318e0 JavaThread "WorkerExecutor Queue Thread 9" [_thread_blocked, id=21028, stack(0x0000004b11700000,0x0000004b11800000)]
  0x000002475fbf5360 JavaThread "WorkerExecutor Queue Thread 10" [_thread_blocked, id=16764, stack(0x0000004b12000000,0x0000004b12100000)]
  0x0000024768b46a30 JavaThread "WorkerExecutor Queue Thread 11" [_thread_blocked, id=20124, stack(0x0000004b12100000,0x0000004b12200000)]
  0x0000024769821680 JavaThread "WorkerExecutor Queue Thread 12" [_thread_blocked, id=3092, stack(0x0000004b12200000,0x0000004b12300000)]
  0x000002476078ee70 JavaThread "pool-4-thread-1" [_thread_blocked, id=14744, stack(0x0000004b12300000,0x0000004b12400000)]
  0x0000024769820750 JavaThread "stderr" [_thread_in_native, id=21668, stack(0x0000004b12400000,0x0000004b12500000)]
  0x0000024769820c60 JavaThread "stdout" [_thread_in_native, id=11548, stack(0x0000004b12500000,0x0000004b12600000)]

Other Threads:
  0x000002473a2dd820 VMThread "VM Thread" [stack: 0x0000004b02800000,0x0000004b02900000] [id=10784]
  0x000002473a4b5800 WatcherThread [stack: 0x0000004b03400000,0x0000004b03500000] [id=9676]
  0x000002471ba7ee50 GCTaskThread "GC Thread#0" [stack: 0x0000004b02300000,0x0000004b02400000] [id=16176]
  0x000002473a764490 GCTaskThread "GC Thread#1" [stack: 0x0000004b03700000,0x0000004b03800000] [id=812]
  0x000002473a71f220 GCTaskThread "GC Thread#2" [stack: 0x0000004b03800000,0x0000004b03900000] [id=16676]
  0x000002475a6376b0 GCTaskThread "GC Thread#3" [stack: 0x0000004b03600000,0x0000004b03700000] [id=20100]
  0x000002475a637970 GCTaskThread "GC Thread#4" [stack: 0x0000004b03900000,0x0000004b03a00000] [id=23876]
  0x000002475b2d6920 GCTaskThread "GC Thread#5" [stack: 0x0000004b04600000,0x0000004b04700000] [id=22272]
  0x000002475b2d6be0 GCTaskThread "GC Thread#6" [stack: 0x0000004b04700000,0x0000004b04800000] [id=3116]
  0x000002475b2d58a0 GCTaskThread "GC Thread#7" [stack: 0x0000004b04800000,0x0000004b04900000] [id=22012]
  0x000002475b2d63a0 GCTaskThread "GC Thread#8" [stack: 0x0000004b04900000,0x0000004b04a00000] [id=9252]
  0x000002475b2d5b60 GCTaskThread "GC Thread#9" [stack: 0x0000004b04a00000,0x0000004b04b00000] [id=25628]
  0x000002471ba90980 ConcurrentGCThread "G1 Main Marker" [stack: 0x0000004b02400000,0x0000004b02500000] [id=1524]
  0x000002471ba91a50 ConcurrentGCThread "G1 Conc#0" [stack: 0x0000004b02500000,0x0000004b02600000] [id=22168]
  0x000002475b2d6660 ConcurrentGCThread "G1 Conc#1" [stack: 0x0000004b04f00000,0x0000004b05000000] [id=22488]
  0x000002475b2d5320 ConcurrentGCThread "G1 Conc#2" [stack: 0x0000004b05000000,0x0000004b05100000] [id=25460]
  0x000002473a198d50 ConcurrentGCThread "G1 Refine#0" [stack: 0x0000004b02600000,0x0000004b02700000] [id=8536]
  0x00000247603041a0 ConcurrentGCThread "G1 Refine#1" [stack: 0x0000004b11200000,0x0000004b11300000] [id=20948]
  0x000002473a19a540 ConcurrentGCThread "G1 Service" [stack: 0x0000004b02700000,0x0000004b02800000] [id=18368]

Threads with active compile tasks:
C2 CompilerThread0    51280 29623       4       java.lang.invoke.MethodHandles$Lookup::linkMethodHandleConstant (223 bytes)
C1 CompilerThread0    51281 29890       3       com.android.tools.r8.graph.t4::c (800 bytes)
C2 CompilerThread1    51281 29643   !   4       java.lang.invoke.InnerClassLambdaMetafactory::generateInnerClass (618 bytes)
C2 CompilerThread2    51281 29621   !   4       java.lang.invoke.MethodHandleNatives::linkMethodHandleConstant (50 bytes)

VM state: not at safepoint (normal execution)

VM Mutex/Monitor currently owned by a thread: None

Heap address: 0x0000000080000000, size: 2048 MB, Compressed Oops mode: 32-bit

CDS archive(s) mapped at: [0x000002473b000000-0x000002473bbb0000-0x000002473bbb0000), size 12255232, SharedBaseAddress: 0x000002473b000000, ArchiveRelocationMode: 1.
Compressed class space mapped at: 0x000002473c000000-0x0000024756000000, reserved size: 436207616
Narrow klass base: 0x000002473b000000, Narrow klass shift: 0, Narrow klass range: 0x100000000

GC Precious Log:
 CPUs: 12 total, 12 available
 Memory: 7521M
 Large Page Support: Disabled
 NUMA Support: Disabled
 Compressed Oops: Enabled (32-bit)
 Heap Region Size: 1M
 Heap Min Capacity: 8M
 Heap Initial Capacity: 118M
 Heap Max Capacity: 2G
 Pre-touch: Disabled
 Parallel Workers: 10
 Concurrent Workers: 3
 Concurrent Refinement Workers: 10
 Periodic GC: Disabled

Heap:
 garbage-first heap   total 599040K, used 461547K [0x0000000080000000, 0x0000000100000000)
  region size 1024K, 43 young (44032K), 13 survivors (13312K)
 Metaspace       used 166239K, committed 168448K, reserved 622592K
  class space    used 22637K, committed 23616K, reserved 425984K

Heap Regions: E=young(eden), S=young(survivor), O=old, HS=humongous(starts), HC=humongous(continues), CS=collection set, F=free, OA=open archive, CA=closed archive, TAMS=top-at-mark-start (previous, next)
|   0|0x0000000080000000, 0x0000000080100000, 0x0000000080100000|100%|HS|  |TAMS 0x0000000080100000, 0x0000000080000000| Complete 
|   1|0x0000000080100000, 0x0000000080200000, 0x0000000080200000|100%|HC|  |TAMS 0x0000000080200000, 0x0000000080100000| Complete 
|   2|0x0000000080200000, 0x0000000080300000, 0x0000000080300000|100%|HC|  |TAMS 0x0000000080300000, 0x0000000080200000| Complete 
|   3|0x0000000080300000, 0x0000000080400000, 0x0000000080400000|100%| O|  |TAMS 0x0000000080400000, 0x0000000080300000| Untracked 
|   4|0x0000000080400000, 0x0000000080500000, 0x0000000080500000|100%| O|  |TAMS 0x0000000080500000, 0x0000000080400000| Untracked 
|   5|0x0000000080500000, 0x0000000080600000, 0x0000000080600000|100%| O|  |TAMS 0x0000000080600000, 0x0000000080500000| Untracked 
|   6|0x0000000080600000, 0x0000000080700000, 0x0000000080700000|100%|HS|  |TAMS 0x0000000080700000, 0x0000000080600000| Complete 
|   7|0x0000000080700000, 0x0000000080800000, 0x0000000080800000|100%| O|  |TAMS 0x0000000080800000, 0x0000000080700000| Untracked 
|   8|0x0000000080800000, 0x0000000080900000, 0x0000000080900000|100%| O|  |TAMS 0x0000000080900000, 0x0000000080800000| Untracked 
|   9|0x0000000080900000, 0x0000000080a00000, 0x0000000080a00000|100%| O|  |TAMS 0x0000000080a00000, 0x0000000080900000| Untracked 
|  10|0x0000000080a00000, 0x0000000080b00000, 0x0000000080b00000|100%| O|  |TAMS 0x0000000080b00000, 0x0000000080a00000| Untracked 
|  11|0x0000000080b00000, 0x0000000080c00000, 0x0000000080c00000|100%| O|  |TAMS 0x0000000080c00000, 0x0000000080b00000| Untracked 
|  12|0x0000000080c00000, 0x0000000080d00000, 0x0000000080d00000|100%| O|  |TAMS 0x0000000080d00000, 0x0000000080c00000| Untracked 
|  13|0x0000000080d00000, 0x0000000080e00000, 0x0000000080e00000|100%| O|  |TAMS 0x0000000080e00000, 0x0000000080d00000| Untracked 
|  14|0x0000000080e00000, 0x0000000080f00000, 0x0000000080f00000|100%| O|  |TAMS 0x0000000080f00000, 0x0000000080e00000| Untracked 
|  15|0x0000000080f00000, 0x0000000081000000, 0x0000000081000000|100%| O|  |TAMS 0x0000000081000000, 0x0000000080f00000| Untracked 
|  16|0x0000000081000000, 0x0000000081100000, 0x0000000081100000|100%| O|  |TAMS 0x0000000081100000, 0x0000000081000000| Untracked 
|  17|0x0000000081100000, 0x0000000081200000, 0x0000000081200000|100%| O|  |TAMS 0x0000000081200000, 0x0000000081100000| Untracked 
|  18|0x0000000081200000, 0x0000000081300000, 0x0000000081300000|100%| O|  |TAMS 0x0000000081300000, 0x0000000081200000| Untracked 
|  19|0x0000000081300000, 0x0000000081400000, 0x0000000081400000|100%| O|  |TAMS 0x0000000081400000, 0x0000000081300000| Untracked 
|  20|0x0000000081400000, 0x00000000814bb400, 0x0000000081500000| 73%| O|  |TAMS 0x00000000814bb400, 0x0000000081400000| Untracked 
|  21|0x0000000081500000, 0x0000000081600000, 0x0000000081600000|100%| O|  |TAMS 0x0000000081600000, 0x0000000081500000| Untracked 
|  22|0x0000000081600000, 0x0000000081700000, 0x0000000081700000|100%| O|  |TAMS 0x0000000081700000, 0x0000000081600000| Untracked 
|  23|0x0000000081700000, 0x0000000081800000, 0x0000000081800000|100%| O|  |TAMS 0x0000000081800000, 0x0000000081700000| Untracked 
|  24|0x0000000081800000, 0x0000000081900000, 0x0000000081900000|100%| O|  |TAMS 0x0000000081900000, 0x0000000081800000| Untracked 
|  25|0x0000000081900000, 0x0000000081a00000, 0x0000000081a00000|100%| O|  |TAMS 0x0000000081a00000, 0x0000000081900000| Untracked 
|  26|0x0000000081a00000, 0x0000000081b00000, 0x0000000081b00000|100%| O|  |TAMS 0x0000000081b00000, 0x0000000081a00000| Untracked 
|  27|0x0000000081b00000, 0x0000000081c00000, 0x0000000081c00000|100%| O|  |TAMS 0x0000000081c00000, 0x0000000081b00000| Untracked 
|  28|0x0000000081c00000, 0x0000000081d00000, 0x0000000081d00000|100%| O|  |TAMS 0x0000000081d00000, 0x0000000081c00000| Untracked 
|  29|0x0000000081d00000, 0x0000000081e00000, 0x0000000081e00000|100%| O|  |TAMS 0x0000000081e00000, 0x0000000081d00000| Untracked 
|  30|0x0000000081e00000, 0x0000000081f00000, 0x0000000081f00000|100%| O|  |TAMS 0x0000000081f00000, 0x0000000081e00000| Untracked 
|  31|0x0000000081f00000, 0x0000000082000000, 0x0000000082000000|100%| O|  |TAMS 0x0000000082000000, 0x0000000081f00000| Untracked 
|  32|0x0000000082000000, 0x0000000082100000, 0x0000000082100000|100%| O|  |TAMS 0x0000000082100000, 0x0000000082000000| Untracked 
|  33|0x0000000082100000, 0x0000000082200000, 0x0000000082200000|100%| O|  |TAMS 0x0000000082200000, 0x0000000082100000| Untracked 
|  34|0x0000000082200000, 0x0000000082300000, 0x0000000082300000|100%| O|  |TAMS 0x0000000082300000, 0x0000000082200000| Untracked 
|  35|0x0000000082300000, 0x0000000082400000, 0x0000000082400000|100%| O|  |TAMS 0x0000000082400000, 0x0000000082300000| Untracked 
|  36|0x0000000082400000, 0x0000000082500000, 0x0000000082500000|100%| O|  |TAMS 0x0000000082500000, 0x0000000082400000| Untracked 
|  37|0x0000000082500000, 0x0000000082600000, 0x0000000082600000|100%| O|  |TAMS 0x0000000082600000, 0x0000000082500000| Untracked 
|  38|0x0000000082600000, 0x0000000082700000, 0x0000000082700000|100%| O|  |TAMS 0x0000000082700000, 0x0000000082600000| Untracked 
|  39|0x0000000082700000, 0x0000000082800000, 0x0000000082800000|100%| O|  |TAMS 0x0000000082800000, 0x0000000082700000| Untracked 
|  40|0x0000000082800000, 0x0000000082900000, 0x0000000082900000|100%| O|  |TAMS 0x0000000082900000, 0x0000000082800000| Untracked 
|  41|0x0000000082900000, 0x0000000082a00000, 0x0000000082a00000|100%| O|  |TAMS 0x0000000082a00000, 0x0000000082900000| Untracked 
|  42|0x0000000082a00000, 0x0000000082b00000, 0x0000000082b00000|100%| O|  |TAMS 0x0000000082b00000, 0x0000000082a00000| Untracked 
|  43|0x0000000082b00000, 0x0000000082c00000, 0x0000000082c00000|100%| O|  |TAMS 0x0000000082c00000, 0x0000000082b00000| Untracked 
|  44|0x0000000082c00000, 0x0000000082d00000, 0x0000000082d00000|100%|HS|  |TAMS 0x0000000082d00000, 0x0000000082c00000| Complete 
|  45|0x0000000082d00000, 0x0000000082e00000, 0x0000000082e00000|100%|HS|  |TAMS 0x0000000082e00000, 0x0000000082d00000| Complete 
|  46|0x0000000082e00000, 0x0000000082f00000, 0x0000000082f00000|100%|HC|  |TAMS 0x0000000082f00000, 0x0000000082e00000| Complete 
|  47|0x0000000082f00000, 0x0000000083000000, 0x0000000083000000|100%|HC|  |TAMS 0x0000000083000000, 0x0000000082f00000| Complete 
|  48|0x0000000083000000, 0x0000000083100000, 0x0000000083100000|100%|HS|  |TAMS 0x0000000083100000, 0x0000000083000000| Complete 
|  49|0x0000000083100000, 0x0000000083200000, 0x0000000083200000|100%|HC|  |TAMS 0x0000000083200000, 0x0000000083100000| Complete 
|  50|0x0000000083200000, 0x0000000083300000, 0x0000000083300000|100%|HC|  |TAMS 0x0000000083300000, 0x0000000083200000| Complete 
|  51|0x0000000083300000, 0x0000000083400000, 0x0000000083400000|100%| O|  |TAMS 0x0000000083400000, 0x0000000083300000| Untracked 
|  52|0x0000000083400000, 0x0000000083500000, 0x0000000083500000|100%| O|  |TAMS 0x0000000083500000, 0x0000000083400000| Untracked 
|  53|0x0000000083500000, 0x0000000083600000, 0x0000000083600000|100%| O|  |TAMS 0x0000000083600000, 0x0000000083500000| Untracked 
|  54|0x0000000083600000, 0x0000000083700000, 0x0000000083700000|100%| O|  |TAMS 0x0000000083700000, 0x0000000083600000| Untracked 
|  55|0x0000000083700000, 0x0000000083800000, 0x0000000083800000|100%| O|  |TAMS 0x0000000083800000, 0x0000000083700000| Untracked 
|  56|0x0000000083800000, 0x0000000083900000, 0x0000000083900000|100%| O|  |TAMS 0x0000000083900000, 0x0000000083800000| Untracked 
|  57|0x0000000083900000, 0x0000000083a00000, 0x0000000083a00000|100%| O|  |TAMS 0x0000000083a00000, 0x0000000083900000| Untracked 
|  58|0x0000000083a00000, 0x0000000083b00000, 0x0000000083b00000|100%| O|  |TAMS 0x0000000083b00000, 0x0000000083a00000| Untracked 
|  59|0x0000000083b00000, 0x0000000083c00000, 0x0000000083c00000|100%| O|  |TAMS 0x0000000083c00000, 0x0000000083b00000| Untracked 
|  60|0x0000000083c00000, 0x0000000083d00000, 0x0000000083d00000|100%|HS|  |TAMS 0x0000000083d00000, 0x0000000083c00000| Complete 
|  61|0x0000000083d00000, 0x0000000083e00000, 0x0000000083e00000|100%|HS|  |TAMS 0x0000000083e00000, 0x0000000083d00000| Complete 
|  62|0x0000000083e00000, 0x0000000083f00000, 0x0000000083f00000|100%|HC|  |TAMS 0x0000000083f00000, 0x0000000083e00000| Complete 
|  63|0x0000000083f00000, 0x0000000084000000, 0x0000000084000000|100%|HC|  |TAMS 0x0000000084000000, 0x0000000083f00000| Complete 
|  64|0x0000000084000000, 0x0000000084100000, 0x0000000084100000|100%| O|  |TAMS 0x0000000084100000, 0x0000000084000000| Untracked 
|  65|0x0000000084100000, 0x0000000084200000, 0x0000000084200000|100%| O|  |TAMS 0x0000000084200000, 0x0000000084100000| Untracked 
|  66|0x0000000084200000, 0x0000000084300000, 0x0000000084300000|100%| O|  |TAMS 0x0000000084300000, 0x0000000084200000| Untracked 
|  67|0x0000000084300000, 0x0000000084400000, 0x0000000084400000|100%| O|  |TAMS 0x0000000084400000, 0x0000000084300000| Untracked 
|  68|0x0000000084400000, 0x0000000084500000, 0x0000000084500000|100%| O|  |TAMS 0x0000000084500000, 0x0000000084400000| Untracked 
|  69|0x0000000084500000, 0x0000000084600000, 0x0000000084600000|100%| O|  |TAMS 0x0000000084600000, 0x0000000084500000| Untracked 
|  70|0x0000000084600000, 0x0000000084700000, 0x0000000084700000|100%| O|  |TAMS 0x0000000084700000, 0x0000000084600000| Untracked 
|  71|0x0000000084700000, 0x0000000084800000, 0x0000000084800000|100%| O|  |TAMS 0x0000000084800000, 0x0000000084700000| Untracked 
|  72|0x0000000084800000, 0x0000000084900000, 0x0000000084900000|100%| O|  |TAMS 0x0000000084900000, 0x0000000084800000| Untracked 
|  73|0x0000000084900000, 0x0000000084a00000, 0x0000000084a00000|100%| O|  |TAMS 0x0000000084a00000, 0x0000000084900000| Untracked 
|  74|0x0000000084a00000, 0x0000000084b00000, 0x0000000084b00000|100%| O|  |TAMS 0x0000000084b00000, 0x0000000084a00000| Untracked 
|  75|0x0000000084b00000, 0x0000000084c00000, 0x0000000084c00000|100%| O|  |TAMS 0x0000000084c00000, 0x0000000084b00000| Untracked 
|  76|0x0000000084c00000, 0x0000000084d00000, 0x0000000084d00000|100%| O|  |TAMS 0x0000000084d00000, 0x0000000084c00000| Untracked 
|  77|0x0000000084d00000, 0x0000000084e00000, 0x0000000084e00000|100%| O|  |TAMS 0x0000000084e00000, 0x0000000084d00000| Untracked 
|  78|0x0000000084e00000, 0x0000000084f00000, 0x0000000084f00000|100%| O|  |TAMS 0x0000000084f00000, 0x0000000084e00000| Untracked 
|  79|0x0000000084f00000, 0x0000000085000000, 0x0000000085000000|100%| O|  |TAMS 0x0000000085000000, 0x0000000084f00000| Untracked 
|  80|0x0000000085000000, 0x0000000085100000, 0x0000000085100000|100%| O|  |TAMS 0x0000000085100000, 0x0000000085000000| Untracked 
|  81|0x0000000085100000, 0x0000000085200000, 0x0000000085200000|100%| O|  |TAMS 0x0000000085200000, 0x0000000085100000| Untracked 
|  82|0x0000000085200000, 0x0000000085300000, 0x0000000085300000|100%| O|  |TAMS 0x0000000085300000, 0x0000000085200000| Untracked 
|  83|0x0000000085300000, 0x0000000085400000, 0x0000000085400000|100%| O|  |TAMS 0x0000000085400000, 0x0000000085300000| Untracked 
|  84|0x0000000085400000, 0x0000000085500000, 0x0000000085500000|100%|HS|  |TAMS 0x0000000085500000, 0x0000000085400000| Complete 
|  85|0x0000000085500000, 0x0000000085600000, 0x0000000085600000|100%|HS|  |TAMS 0x0000000085600000, 0x0000000085500000| Complete 
|  86|0x0000000085600000, 0x0000000085700000, 0x0000000085700000|100%| O|  |TAMS 0x0000000085700000, 0x0000000085600000| Untracked 
|  87|0x0000000085700000, 0x0000000085800000, 0x0000000085800000|100%|HS|  |TAMS 0x0000000085800000, 0x0000000085700000| Complete 
|  88|0x0000000085800000, 0x0000000085900000, 0x0000000085900000|100%|HS|  |TAMS 0x0000000085900000, 0x0000000085800000| Complete 
|  89|0x0000000085900000, 0x0000000085a00000, 0x0000000085a00000|100%| O|  |TAMS 0x0000000085a00000, 0x0000000085900000| Untracked 
|  90|0x0000000085a00000, 0x0000000085b00000, 0x0000000085b00000|100%| O|  |TAMS 0x0000000085b00000, 0x0000000085a00000| Untracked 
|  91|0x0000000085b00000, 0x0000000085c00000, 0x0000000085c00000|100%| O|  |TAMS 0x0000000085c00000, 0x0000000085b00000| Untracked 
|  92|0x0000000085c00000, 0x0000000085d00000, 0x0000000085d00000|100%| O|  |TAMS 0x0000000085d00000, 0x0000000085c00000| Untracked 
|  93|0x0000000085d00000, 0x0000000085e00000, 0x0000000085e00000|100%|HS|  |TAMS 0x0000000085e00000, 0x0000000085d00000| Complete 
|  94|0x0000000085e00000, 0x0000000085f00000, 0x0000000085f00000|100%| O|  |TAMS 0x0000000085f00000, 0x0000000085e00000| Untracked 
|  95|0x0000000085f00000, 0x0000000086000000, 0x0000000086000000|100%| O|  |TAMS 0x0000000086000000, 0x0000000085f00000| Untracked 
|  96|0x0000000086000000, 0x0000000086100000, 0x0000000086100000|100%| O|  |TAMS 0x0000000086100000, 0x0000000086000000| Untracked 
|  97|0x0000000086100000, 0x0000000086200000, 0x0000000086200000|100%| O|  |TAMS 0x0000000086200000, 0x0000000086100000| Untracked 
|  98|0x0000000086200000, 0x0000000086300000, 0x0000000086300000|100%| O|  |TAMS 0x0000000086300000, 0x0000000086200000| Untracked 
|  99|0x0000000086300000, 0x0000000086400000, 0x0000000086400000|100%| O|  |TAMS 0x0000000086300000, 0x0000000086300000| Untracked 
| 100|0x0000000086400000, 0x0000000086500000, 0x0000000086500000|100%| O|  |TAMS 0x0000000086500000, 0x0000000086400000| Untracked 
| 101|0x0000000086500000, 0x0000000086600000, 0x0000000086600000|100%| O|  |TAMS 0x0000000086600000, 0x0000000086500000| Untracked 
| 102|0x0000000086600000, 0x0000000086700000, 0x0000000086700000|100%| O|  |TAMS 0x0000000086700000, 0x0000000086600000| Untracked 
| 103|0x0000000086700000, 0x0000000086800000, 0x0000000086800000|100%| O|  |TAMS 0x0000000086800000, 0x0000000086700000| Untracked 
| 104|0x0000000086800000, 0x0000000086900000, 0x0000000086900000|100%| O|  |TAMS 0x0000000086900000, 0x0000000086800000| Untracked 
| 105|0x0000000086900000, 0x0000000086a00000, 0x0000000086a00000|100%|HS|  |TAMS 0x0000000086a00000, 0x0000000086900000| Complete 
| 106|0x0000000086a00000, 0x0000000086b00000, 0x0000000086b00000|100%|HC|  |TAMS 0x0000000086b00000, 0x0000000086a00000| Complete 
| 107|0x0000000086b00000, 0x0000000086c00000, 0x0000000086c00000|100%|HC|  |TAMS 0x0000000086c00000, 0x0000000086b00000| Complete 
| 108|0x0000000086c00000, 0x0000000086d00000, 0x0000000086d00000|100%| O|  |TAMS 0x0000000086d00000, 0x0000000086c00000| Untracked 
| 109|0x0000000086d00000, 0x0000000086e00000, 0x0000000086e00000|100%| O|  |TAMS 0x0000000086e00000, 0x0000000086d00000| Untracked 
| 110|0x0000000086e00000, 0x0000000086f00000, 0x0000000086f00000|100%| O|  |TAMS 0x0000000086f00000, 0x0000000086e00000| Untracked 
| 111|0x0000000086f00000, 0x0000000087000000, 0x0000000087000000|100%| O|  |TAMS 0x0000000087000000, 0x0000000086f00000| Untracked 
| 112|0x0000000087000000, 0x0000000087100000, 0x0000000087100000|100%| O|  |TAMS 0x0000000087100000, 0x0000000087000000| Untracked 
| 113|0x0000000087100000, 0x0000000087200000, 0x0000000087200000|100%| O|  |TAMS 0x0000000087200000, 0x0000000087100000| Untracked 
| 114|0x0000000087200000, 0x0000000087300000, 0x0000000087300000|100%| O|  |TAMS 0x0000000087300000, 0x0000000087200000| Untracked 
| 115|0x0000000087300000, 0x0000000087400000, 0x0000000087400000|100%| O|  |TAMS 0x0000000087400000, 0x0000000087300000| Untracked 
| 116|0x0000000087400000, 0x0000000087500000, 0x0000000087500000|100%| O|  |TAMS 0x0000000087500000, 0x0000000087400000| Untracked 
| 117|0x0000000087500000, 0x0000000087600000, 0x0000000087600000|100%| O|  |TAMS 0x0000000087600000, 0x0000000087500000| Untracked 
| 118|0x0000000087600000, 0x0000000087700000, 0x0000000087700000|100%|HS|  |TAMS 0x0000000087700000, 0x0000000087600000| Complete 
| 119|0x0000000087700000, 0x0000000087800000, 0x0000000087800000|100%|HC|  |TAMS 0x0000000087800000, 0x0000000087700000| Complete 
| 120|0x0000000087800000, 0x0000000087900000, 0x0000000087900000|100%| O|  |TAMS 0x0000000087900000, 0x0000000087800000| Untracked 
| 121|0x0000000087900000, 0x0000000087a00000, 0x0000000087a00000|100%| O|  |TAMS 0x0000000087a00000, 0x0000000087900000| Untracked 
| 122|0x0000000087a00000, 0x0000000087b00000, 0x0000000087b00000|100%| O|  |TAMS 0x0000000087b00000, 0x0000000087a00000| Untracked 
| 123|0x0000000087b00000, 0x0000000087c00000, 0x0000000087c00000|100%| O|  |TAMS 0x0000000087c00000, 0x0000000087b00000| Untracked 
| 124|0x0000000087c00000, 0x0000000087d00000, 0x0000000087d00000|100%| O|  |TAMS 0x0000000087d00000, 0x0000000087c00000| Untracked 
| 125|0x0000000087d00000, 0x0000000087e00000, 0x0000000087e00000|100%| O|  |TAMS 0x0000000087e00000, 0x0000000087d00000| Untracked 
| 126|0x0000000087e00000, 0x0000000087f00000, 0x0000000087f00000|100%| O|  |TAMS 0x0000000087f00000, 0x0000000087e00000| Untracked 
| 127|0x0000000087f00000, 0x0000000088000000, 0x0000000088000000|100%| O|  |TAMS 0x0000000088000000, 0x0000000087f00000| Untracked 
| 128|0x0000000088000000, 0x0000000088100000, 0x0000000088100000|100%| O|  |TAMS 0x0000000088100000, 0x0000000088000000| Untracked 
| 129|0x0000000088100000, 0x0000000088200000, 0x0000000088200000|100%| O|  |TAMS 0x0000000088200000, 0x0000000088100000| Untracked 
| 130|0x0000000088200000, 0x0000000088300000, 0x0000000088300000|100%| O|  |TAMS 0x0000000088300000, 0x0000000088200000| Untracked 
| 131|0x0000000088300000, 0x0000000088400000, 0x0000000088400000|100%| O|  |TAMS 0x0000000088400000, 0x0000000088300000| Untracked 
| 132|0x0000000088400000, 0x0000000088500000, 0x0000000088500000|100%| O|  |TAMS 0x0000000088500000, 0x0000000088400000| Untracked 
| 133|0x0000000088500000, 0x0000000088600000, 0x0000000088600000|100%| O|  |TAMS 0x0000000088600000, 0x0000000088500000| Untracked 
| 134|0x0000000088600000, 0x0000000088700000, 0x0000000088700000|100%| O|  |TAMS 0x0000000088700000, 0x0000000088600000| Untracked 
| 135|0x0000000088700000, 0x0000000088800000, 0x0000000088800000|100%| O|  |TAMS 0x0000000088800000, 0x0000000088700000| Untracked 
| 136|0x0000000088800000, 0x0000000088900000, 0x0000000088900000|100%| O|  |TAMS 0x0000000088900000, 0x0000000088800000| Untracked 
| 137|0x0000000088900000, 0x0000000088a00000, 0x0000000088a00000|100%| O|  |TAMS 0x0000000088a00000, 0x0000000088900000| Untracked 
| 138|0x0000000088a00000, 0x0000000088b00000, 0x0000000088b00000|100%| O|  |TAMS 0x0000000088b00000, 0x0000000088a00000| Untracked 
| 139|0x0000000088b00000, 0x0000000088c00000, 0x0000000088c00000|100%| O|  |TAMS 0x0000000088c00000, 0x0000000088b00000| Untracked 
| 140|0x0000000088c00000, 0x0000000088d00000, 0x0000000088d00000|100%| O|  |TAMS 0x0000000088d00000, 0x0000000088c00000| Untracked 
| 141|0x0000000088d00000, 0x0000000088e00000, 0x0000000088e00000|100%| O|  |TAMS 0x0000000088e00000, 0x0000000088d00000| Untracked 
| 142|0x0000000088e00000, 0x0000000088f00000, 0x0000000088f00000|100%| O|  |TAMS 0x0000000088f00000, 0x0000000088e00000| Untracked 
| 143|0x0000000088f00000, 0x0000000089000000, 0x0000000089000000|100%| O|  |TAMS 0x0000000089000000, 0x0000000088f00000| Untracked 
| 144|0x0000000089000000, 0x0000000089100000, 0x0000000089100000|100%| O|  |TAMS 0x0000000089100000, 0x0000000089000000| Untracked 
| 145|0x0000000089100000, 0x0000000089200000, 0x0000000089200000|100%| O|  |TAMS 0x0000000089200000, 0x0000000089100000| Untracked 
| 146|0x0000000089200000, 0x0000000089300000, 0x0000000089300000|100%| O|  |TAMS 0x0000000089300000, 0x0000000089200000| Untracked 
| 147|0x0000000089300000, 0x0000000089400000, 0x0000000089400000|100%| O|  |TAMS 0x0000000089300000, 0x0000000089300000| Untracked 
| 148|0x0000000089400000, 0x0000000089500000, 0x0000000089500000|100%| O|  |TAMS 0x0000000089500000, 0x0000000089400000| Untracked 
| 149|0x0000000089500000, 0x0000000089600000, 0x0000000089600000|100%|HS|  |TAMS 0x0000000089600000, 0x0000000089500000| Complete 
| 150|0x0000000089600000, 0x0000000089700000, 0x0000000089700000|100%|HS|  |TAMS 0x0000000089700000, 0x0000000089600000| Complete 
| 151|0x0000000089700000, 0x0000000089800000, 0x0000000089800000|100%|HS|  |TAMS 0x0000000089800000, 0x0000000089700000| Complete 
| 152|0x0000000089800000, 0x0000000089900000, 0x0000000089900000|100%| O|  |TAMS 0x0000000089900000, 0x0000000089800000| Untracked 
| 153|0x0000000089900000, 0x0000000089a00000, 0x0000000089a00000|100%| O|  |TAMS 0x0000000089a00000, 0x0000000089900000| Untracked 
| 154|0x0000000089a00000, 0x0000000089b00000, 0x0000000089b00000|100%| O|  |TAMS 0x0000000089b00000, 0x0000000089a00000| Untracked 
| 155|0x0000000089b00000, 0x0000000089c00000, 0x0000000089c00000|100%| O|  |TAMS 0x0000000089c00000, 0x0000000089b00000| Untracked 
| 156|0x0000000089c00000, 0x0000000089d00000, 0x0000000089d00000|100%| O|  |TAMS 0x0000000089d00000, 0x0000000089c00000| Untracked 
| 157|0x0000000089d00000, 0x0000000089e00000, 0x0000000089e00000|100%| O|  |TAMS 0x0000000089e00000, 0x0000000089d00000| Untracked 
| 158|0x0000000089e00000, 0x0000000089f00000, 0x0000000089f00000|100%| O|  |TAMS 0x0000000089e00000, 0x0000000089e00000| Untracked 
| 159|0x0000000089f00000, 0x000000008a000000, 0x000000008a000000|100%| O|  |TAMS 0x000000008a000000, 0x0000000089f00000| Untracked 
| 160|0x000000008a000000, 0x000000008a100000, 0x000000008a100000|100%| O|  |TAMS 0x000000008a100000, 0x000000008a000000| Untracked 
| 161|0x000000008a100000, 0x000000008a200000, 0x000000008a200000|100%| O|  |TAMS 0x000000008a200000, 0x000000008a100000| Untracked 
| 162|0x000000008a200000, 0x000000008a300000, 0x000000008a300000|100%| O|  |TAMS 0x000000008a300000, 0x000000008a200000| Untracked 
| 163|0x000000008a300000, 0x000000008a400000, 0x000000008a400000|100%| O|  |TAMS 0x000000008a400000, 0x000000008a300000| Untracked 
| 164|0x000000008a400000, 0x000000008a500000, 0x000000008a500000|100%| O|  |TAMS 0x000000008a500000, 0x000000008a400000| Untracked 
| 165|0x000000008a500000, 0x000000008a600000, 0x000000008a600000|100%| O|  |TAMS 0x000000008a600000, 0x000000008a500000| Untracked 
| 166|0x000000008a600000, 0x000000008a700000, 0x000000008a700000|100%| O|  |TAMS 0x000000008a700000, 0x000000008a600000| Untracked 
| 167|0x000000008a700000, 0x000000008a800000, 0x000000008a800000|100%| O|  |TAMS 0x000000008a800000, 0x000000008a700000| Untracked 
| 168|0x000000008a800000, 0x000000008a900000, 0x000000008a900000|100%| O|  |TAMS 0x000000008a900000, 0x000000008a800000| Untracked 
| 169|0x000000008a900000, 0x000000008aa00000, 0x000000008aa00000|100%| O|  |TAMS 0x000000008aa00000, 0x000000008a900000| Untracked 
| 170|0x000000008aa00000, 0x000000008ab00000, 0x000000008ab00000|100%| O|  |TAMS 0x000000008aa00000, 0x000000008aa00000| Untracked 
| 171|0x000000008ab00000, 0x000000008ac00000, 0x000000008ac00000|100%|HS|  |TAMS 0x000000008ac00000, 0x000000008ab00000| Complete 
| 172|0x000000008ac00000, 0x000000008ad00000, 0x000000008ad00000|100%|HS|  |TAMS 0x000000008ad00000, 0x000000008ac00000| Complete 
| 173|0x000000008ad00000, 0x000000008ae00000, 0x000000008ae00000|100%|HC|  |TAMS 0x000000008ae00000, 0x000000008ad00000| Complete 
| 174|0x000000008ae00000, 0x000000008af00000, 0x000000008af00000|100%| O|  |TAMS 0x000000008ae00000, 0x000000008ae00000| Untracked 
| 175|0x000000008af00000, 0x000000008b000000, 0x000000008b000000|100%| O|  |TAMS 0x000000008b000000, 0x000000008af00000| Untracked 
| 176|0x000000008b000000, 0x000000008b100000, 0x000000008b100000|100%| O|  |TAMS 0x000000008b100000, 0x000000008b000000| Untracked 
| 177|0x000000008b100000, 0x000000008b200000, 0x000000008b200000|100%| O|  |TAMS 0x000000008b200000, 0x000000008b100000| Untracked 
| 178|0x000000008b200000, 0x000000008b300000, 0x000000008b300000|100%| O|  |TAMS 0x000000008b300000, 0x000000008b200000| Untracked 
| 179|0x000000008b300000, 0x000000008b400000, 0x000000008b400000|100%| O|  |TAMS 0x000000008b400000, 0x000000008b300000| Untracked 
| 180|0x000000008b400000, 0x000000008b500000, 0x000000008b500000|100%| O|  |TAMS 0x000000008b500000, 0x000000008b400000| Untracked 
| 181|0x000000008b500000, 0x000000008b600000, 0x000000008b600000|100%| O|  |TAMS 0x000000008b600000, 0x000000008b500000| Untracked 
| 182|0x000000008b600000, 0x000000008b700000, 0x000000008b700000|100%| O|  |TAMS 0x000000008b700000, 0x000000008b600000| Untracked 
| 183|0x000000008b700000, 0x000000008b800000, 0x000000008b800000|100%| O|  |TAMS 0x000000008b800000, 0x000000008b700000| Untracked 
| 184|0x000000008b800000, 0x000000008b900000, 0x000000008b900000|100%| O|  |TAMS 0x000000008b900000, 0x000000008b800000| Untracked 
| 185|0x000000008b900000, 0x000000008ba00000, 0x000000008ba00000|100%|HS|  |TAMS 0x000000008ba00000, 0x000000008b900000| Complete 
| 186|0x000000008ba00000, 0x000000008bb00000, 0x000000008bb00000|100%|HS|  |TAMS 0x000000008bb00000, 0x000000008ba00000| Complete 
| 187|0x000000008bb00000, 0x000000008bc00000, 0x000000008bc00000|100%|HS|  |TAMS 0x000000008bc00000, 0x000000008bb00000| Complete 
| 188|0x000000008bc00000, 0x000000008bd00000, 0x000000008bd00000|100%| O|  |TAMS 0x000000008bd00000, 0x000000008bc00000| Untracked 
| 189|0x000000008bd00000, 0x000000008be00000, 0x000000008be00000|100%| O|  |TAMS 0x000000008be00000, 0x000000008bd00000| Untracked 
| 190|0x000000008be00000, 0x000000008bf00000, 0x000000008bf00000|100%| O|  |TAMS 0x000000008be00000, 0x000000008be00000| Untracked 
| 191|0x000000008bf00000, 0x000000008c000000, 0x000000008c000000|100%| O|  |TAMS 0x000000008c000000, 0x000000008bf00000| Untracked 
| 192|0x000000008c000000, 0x000000008c100000, 0x000000008c100000|100%| O|  |TAMS 0x000000008c100000, 0x000000008c000000| Untracked 
| 193|0x000000008c100000, 0x000000008c200000, 0x000000008c200000|100%| O|  |TAMS 0x000000008c200000, 0x000000008c100000| Untracked 
| 194|0x000000008c200000, 0x000000008c300000, 0x000000008c300000|100%| O|  |TAMS 0x000000008c300000, 0x000000008c200000| Untracked 
| 195|0x000000008c300000, 0x000000008c400000, 0x000000008c400000|100%| O|  |TAMS 0x000000008c300000, 0x000000008c300000| Untracked 
| 196|0x000000008c400000, 0x000000008c500000, 0x000000008c500000|100%| O|  |TAMS 0x000000008c500000, 0x000000008c400000| Untracked 
| 197|0x000000008c500000, 0x000000008c600000, 0x000000008c600000|100%| O|  |TAMS 0x000000008c600000, 0x000000008c500000| Untracked 
| 198|0x000000008c600000, 0x000000008c700000, 0x000000008c700000|100%| O|  |TAMS 0x000000008c700000, 0x000000008c600000| Untracked 
| 199|0x000000008c700000, 0x000000008c800000, 0x000000008c800000|100%| O|  |TAMS 0x000000008c800000, 0x000000008c700000| Untracked 
| 200|0x000000008c800000, 0x000000008c900000, 0x000000008c900000|100%| O|  |TAMS 0x000000008c900000, 0x000000008c800000| Untracked 
| 201|0x000000008c900000, 0x000000008ca00000, 0x000000008ca00000|100%| O|  |TAMS 0x000000008ca00000, 0x000000008c900000| Untracked 
| 202|0x000000008ca00000, 0x000000008cb00000, 0x000000008cb00000|100%| O|  |TAMS 0x000000008cb00000, 0x000000008ca00000| Untracked 
| 203|0x000000008cb00000, 0x000000008cc00000, 0x000000008cc00000|100%| O|  |TAMS 0x000000008cc00000, 0x000000008cb00000| Untracked 
| 204|0x000000008cc00000, 0x000000008cd00000, 0x000000008cd00000|100%| O|  |TAMS 0x000000008cd00000, 0x000000008cc00000| Untracked 
| 205|0x000000008cd00000, 0x000000008ce00000, 0x000000008ce00000|100%| O|  |TAMS 0x000000008ce00000, 0x000000008cd00000| Untracked 
| 206|0x000000008ce00000, 0x000000008cf00000, 0x000000008cf00000|100%| O|  |TAMS 0x000000008cf00000, 0x000000008ce00000| Untracked 
| 207|0x000000008cf00000, 0x000000008d000000, 0x000000008d000000|100%| O|  |TAMS 0x000000008d000000, 0x000000008cf00000| Untracked 
| 208|0x000000008d000000, 0x000000008d100000, 0x000000008d100000|100%| O|  |TAMS 0x000000008d100000, 0x000000008d000000| Untracked 
| 209|0x000000008d100000, 0x000000008d200000, 0x000000008d200000|100%| O|  |TAMS 0x000000008d200000, 0x000000008d100000| Untracked 
| 210|0x000000008d200000, 0x000000008d300000, 0x000000008d300000|100%| O|  |TAMS 0x000000008d300000, 0x000000008d200000| Untracked 
| 211|0x000000008d300000, 0x000000008d400000, 0x000000008d400000|100%| O|  |TAMS 0x000000008d400000, 0x000000008d300000| Untracked 
| 212|0x000000008d400000, 0x000000008d500000, 0x000000008d500000|100%| O|  |TAMS 0x000000008d500000, 0x000000008d400000| Untracked 
| 213|0x000000008d500000, 0x000000008d600000, 0x000000008d600000|100%| O|  |TAMS 0x000000008d600000, 0x000000008d500000| Untracked 
| 214|0x000000008d600000, 0x000000008d700000, 0x000000008d700000|100%| O|  |TAMS 0x000000008d700000, 0x000000008d600000| Untracked 
| 215|0x000000008d700000, 0x000000008d800000, 0x000000008d800000|100%| O|  |TAMS 0x000000008d700000, 0x000000008d700000| Untracked 
| 216|0x000000008d800000, 0x000000008d900000, 0x000000008d900000|100%| O|  |TAMS 0x000000008d900000, 0x000000008d800000| Untracked 
| 217|0x000000008d900000, 0x000000008da00000, 0x000000008da00000|100%| O|  |TAMS 0x000000008da00000, 0x000000008d900000| Untracked 
| 218|0x000000008da00000, 0x000000008db00000, 0x000000008db00000|100%| O|  |TAMS 0x000000008db00000, 0x000000008da00000| Untracked 
| 219|0x000000008db00000, 0x000000008dc00000, 0x000000008dc00000|100%| O|  |TAMS 0x000000008dc00000, 0x000000008db00000| Untracked 
| 220|0x000000008dc00000, 0x000000008dd00000, 0x000000008dd00000|100%| O|  |TAMS 0x000000008dd00000, 0x000000008dc00000| Untracked 
| 221|0x000000008dd00000, 0x000000008de00000, 0x000000008de00000|100%| O|  |TAMS 0x000000008de00000, 0x000000008dd00000| Untracked 
| 222|0x000000008de00000, 0x000000008df00000, 0x000000008df00000|100%| O|  |TAMS 0x000000008df00000, 0x000000008de00000| Untracked 
| 223|0x000000008df00000, 0x000000008e000000, 0x000000008e000000|100%| O|  |TAMS 0x000000008e000000, 0x000000008df00000| Untracked 
| 224|0x000000008e000000, 0x000000008e100000, 0x000000008e100000|100%| O|  |TAMS 0x000000008e100000, 0x000000008e000000| Untracked 
| 225|0x000000008e100000, 0x000000008e200000, 0x000000008e200000|100%| O|  |TAMS 0x000000008e200000, 0x000000008e100000| Untracked 
| 226|0x000000008e200000, 0x000000008e300000, 0x000000008e300000|100%| O|  |TAMS 0x000000008e300000, 0x000000008e200000| Untracked 
| 227|0x000000008e300000, 0x000000008e400000, 0x000000008e400000|100%| O|  |TAMS 0x000000008e300000, 0x000000008e300000| Untracked 
| 228|0x000000008e400000, 0x000000008e500000, 0x000000008e500000|100%|HS|  |TAMS 0x000000008e500000, 0x000000008e400000| Complete 
| 229|0x000000008e500000, 0x000000008e600000, 0x000000008e600000|100%|HS|  |TAMS 0x000000008e600000, 0x000000008e500000| Complete 
| 230|0x000000008e600000, 0x000000008e700000, 0x000000008e700000|100%| O|  |TAMS 0x000000008e700000, 0x000000008e600000| Untracked 
| 231|0x000000008e700000, 0x000000008e800000, 0x000000008e800000|100%| O|  |TAMS 0x000000008e700000, 0x000000008e700000| Untracked 
| 232|0x000000008e800000, 0x000000008e900000, 0x000000008e900000|100%| O|  |TAMS 0x000000008e900000, 0x000000008e800000| Untracked 
| 233|0x000000008e900000, 0x000000008ea00000, 0x000000008ea00000|100%| O|  |TAMS 0x000000008ea00000, 0x000000008e900000| Untracked 
| 234|0x000000008ea00000, 0x000000008eb00000, 0x000000008eb00000|100%| O|  |TAMS 0x000000008eb00000, 0x000000008ea00000| Untracked 
| 235|0x000000008eb00000, 0x000000008ec00000, 0x000000008ec00000|100%| O|  |TAMS 0x000000008ec00000, 0x000000008eb00000| Untracked 
| 236|0x000000008ec00000, 0x000000008ed00000, 0x000000008ed00000|100%| O|  |TAMS 0x000000008ed00000, 0x000000008ec00000| Untracked 
| 237|0x000000008ed00000, 0x000000008ee00000, 0x000000008ee00000|100%| O|  |TAMS 0x000000008ee00000, 0x000000008ed00000| Untracked 
| 238|0x000000008ee00000, 0x000000008ef00000, 0x000000008ef00000|100%| O|  |TAMS 0x000000008ef00000, 0x000000008ee00000| Untracked 
| 239|0x000000008ef00000, 0x000000008f000000, 0x000000008f000000|100%| O|  |TAMS 0x000000008f000000, 0x000000008ef00000| Untracked 
| 240|0x000000008f000000, 0x000000008f100000, 0x000000008f100000|100%| O|  |TAMS 0x000000008f100000, 0x000000008f000000| Untracked 
| 241|0x000000008f100000, 0x000000008f200000, 0x000000008f200000|100%| O|  |TAMS 0x000000008f200000, 0x000000008f100000| Untracked 
| 242|0x000000008f200000, 0x000000008f300000, 0x000000008f300000|100%| O|  |TAMS 0x000000008f300000, 0x000000008f200000| Untracked 
| 243|0x000000008f300000, 0x000000008f400000, 0x000000008f400000|100%| O|  |TAMS 0x000000008f400000, 0x000000008f300000| Untracked 
| 244|0x000000008f400000, 0x000000008f500000, 0x000000008f500000|100%| O|  |TAMS 0x000000008f400000, 0x000000008f400000| Untracked 
| 245|0x000000008f500000, 0x000000008f600000, 0x000000008f600000|100%| O|  |TAMS 0x000000008f600000, 0x000000008f500000| Untracked 
| 246|0x000000008f600000, 0x000000008f700000, 0x000000008f700000|100%| O|  |TAMS 0x000000008f700000, 0x000000008f600000| Untracked 
| 247|0x000000008f700000, 0x000000008f800000, 0x000000008f800000|100%| O|  |TAMS 0x000000008f800000, 0x000000008f700000| Untracked 
| 248|0x000000008f800000, 0x000000008f900000, 0x000000008f900000|100%| O|  |TAMS 0x000000008f900000, 0x000000008f800000| Untracked 
| 249|0x000000008f900000, 0x000000008fa00000, 0x000000008fa00000|100%| O|  |TAMS 0x000000008fa00000, 0x000000008f900000| Untracked 
| 250|0x000000008fa00000, 0x000000008fb00000, 0x000000008fb00000|100%| O|  |TAMS 0x000000008fb00000, 0x000000008fa00000| Untracked 
| 251|0x000000008fb00000, 0x000000008fc00000, 0x000000008fc00000|100%| O|  |TAMS 0x000000008fc00000, 0x000000008fb00000| Untracked 
| 252|0x000000008fc00000, 0x000000008fd00000, 0x000000008fd00000|100%| O|  |TAMS 0x000000008fd00000, 0x000000008fc00000| Untracked 
| 253|0x000000008fd00000, 0x000000008fe00000, 0x000000008fe00000|100%|HS|  |TAMS 0x000000008fe00000, 0x000000008fd00000| Complete 
| 254|0x000000008fe00000, 0x000000008ff00000, 0x000000008ff00000|100%|HS|  |TAMS 0x000000008ff00000, 0x000000008fe00000| Complete 
| 255|0x000000008ff00000, 0x0000000090000000, 0x0000000090000000|100%| O|  |TAMS 0x0000000090000000, 0x000000008ff00000| Untracked 
| 256|0x0000000090000000, 0x0000000090100000, 0x0000000090100000|100%| O|  |TAMS 0x0000000090100000, 0x0000000090000000| Untracked 
| 257|0x0000000090100000, 0x0000000090200000, 0x0000000090200000|100%| O|  |TAMS 0x0000000090200000, 0x0000000090100000| Untracked 
| 258|0x0000000090200000, 0x0000000090300000, 0x0000000090300000|100%| O|  |TAMS 0x0000000090300000, 0x0000000090200000| Untracked 
| 259|0x0000000090300000, 0x0000000090400000, 0x0000000090400000|100%| O|  |TAMS 0x0000000090400000, 0x0000000090300000| Untracked 
| 260|0x0000000090400000, 0x0000000090500000, 0x0000000090500000|100%| O|  |TAMS 0x0000000090500000, 0x0000000090400000| Untracked 
| 261|0x0000000090500000, 0x0000000090600000, 0x0000000090600000|100%| O|  |TAMS 0x0000000090600000, 0x0000000090500000| Untracked 
| 262|0x0000000090600000, 0x0000000090700000, 0x0000000090700000|100%| O|  |TAMS 0x0000000090700000, 0x0000000090600000| Untracked 
| 263|0x0000000090700000, 0x0000000090800000, 0x0000000090800000|100%| O|  |TAMS 0x0000000090800000, 0x0000000090700000| Untracked 
| 264|0x0000000090800000, 0x0000000090900000, 0x0000000090900000|100%| O|  |TAMS 0x0000000090900000, 0x0000000090800000| Untracked 
| 265|0x0000000090900000, 0x0000000090a00000, 0x0000000090a00000|100%| O|  |TAMS 0x0000000090a00000, 0x0000000090900000| Untracked 
| 266|0x0000000090a00000, 0x0000000090b00000, 0x0000000090b00000|100%| O|  |TAMS 0x0000000090b00000, 0x0000000090a00000| Untracked 
| 267|0x0000000090b00000, 0x0000000090c00000, 0x0000000090c00000|100%| O|  |TAMS 0x0000000090c00000, 0x0000000090b00000| Untracked 
| 268|0x0000000090c00000, 0x0000000090d00000, 0x0000000090d00000|100%| O|  |TAMS 0x0000000090d00000, 0x0000000090c00000| Untracked 
| 269|0x0000000090d00000, 0x0000000090e00000, 0x0000000090e00000|100%| O|  |TAMS 0x0000000090e00000, 0x0000000090d00000| Untracked 
| 270|0x0000000090e00000, 0x0000000090f00000, 0x0000000090f00000|100%| O|  |TAMS 0x0000000090f00000, 0x0000000090e00000| Untracked 
| 271|0x0000000090f00000, 0x0000000091000000, 0x0000000091000000|100%| O|  |TAMS 0x0000000091000000, 0x0000000090f00000| Untracked 
| 272|0x0000000091000000, 0x0000000091100000, 0x0000000091100000|100%| O|  |TAMS 0x0000000091100000, 0x0000000091000000| Untracked 
| 273|0x0000000091100000, 0x0000000091200000, 0x0000000091200000|100%| O|  |TAMS 0x0000000091200000, 0x0000000091100000| Untracked 
| 274|0x0000000091200000, 0x0000000091300000, 0x0000000091300000|100%| O|  |TAMS 0x0000000091300000, 0x0000000091200000| Untracked 
| 275|0x0000000091300000, 0x0000000091400000, 0x0000000091400000|100%| O|  |TAMS 0x0000000091400000, 0x0000000091300000| Untracked 
| 276|0x0000000091400000, 0x0000000091500000, 0x0000000091500000|100%| O|  |TAMS 0x0000000091500000, 0x0000000091400000| Untracked 
| 277|0x0000000091500000, 0x0000000091600000, 0x0000000091600000|100%| O|  |TAMS 0x0000000091600000, 0x0000000091500000| Untracked 
| 278|0x0000000091600000, 0x0000000091700000, 0x0000000091700000|100%| O|  |TAMS 0x0000000091700000, 0x0000000091600000| Untracked 
| 279|0x0000000091700000, 0x0000000091800000, 0x0000000091800000|100%| O|  |TAMS 0x0000000091800000, 0x0000000091700000| Untracked 
| 280|0x0000000091800000, 0x0000000091900000, 0x0000000091900000|100%| O|  |TAMS 0x0000000091800000, 0x0000000091800000| Untracked 
| 281|0x0000000091900000, 0x0000000091a00000, 0x0000000091a00000|100%| O|  |TAMS 0x0000000091900000, 0x0000000091900000| Untracked 
| 282|0x0000000091a00000, 0x0000000091b00000, 0x0000000091b00000|100%| O|  |TAMS 0x0000000091b00000, 0x0000000091a00000| Untracked 
| 283|0x0000000091b00000, 0x0000000091c00000, 0x0000000091c00000|100%| O|  |TAMS 0x0000000091c00000, 0x0000000091b00000| Untracked 
| 284|0x0000000091c00000, 0x0000000091d00000, 0x0000000091d00000|100%| O|  |TAMS 0x0000000091c00000, 0x0000000091c00000| Untracked 
| 285|0x0000000091d00000, 0x0000000091e00000, 0x0000000091e00000|100%| O|  |TAMS 0x0000000091e00000, 0x0000000091d00000| Untracked 
| 286|0x0000000091e00000, 0x0000000091f00000, 0x0000000091f00000|100%| O|  |TAMS 0x0000000091f00000, 0x0000000091e00000| Untracked 
| 287|0x0000000091f00000, 0x0000000092000000, 0x0000000092000000|100%| O|  |TAMS 0x0000000092000000, 0x0000000091f00000| Untracked 
| 288|0x0000000092000000, 0x0000000092100000, 0x0000000092100000|100%| O|  |TAMS 0x0000000092100000, 0x0000000092000000| Untracked 
| 289|0x0000000092100000, 0x0000000092200000, 0x0000000092200000|100%| O|  |TAMS 0x0000000092200000, 0x0000000092100000| Untracked 
| 290|0x0000000092200000, 0x0000000092300000, 0x0000000092300000|100%| O|  |TAMS 0x0000000092300000, 0x0000000092200000| Untracked 
| 291|0x0000000092300000, 0x0000000092400000, 0x0000000092400000|100%| O|  |TAMS 0x0000000092400000, 0x0000000092300000| Untracked 
| 292|0x0000000092400000, 0x0000000092500000, 0x0000000092500000|100%| O|  |TAMS 0x0000000092400000, 0x0000000092400000| Untracked 
| 293|0x0000000092500000, 0x0000000092600000, 0x0000000092600000|100%| O|  |TAMS 0x0000000092600000, 0x0000000092500000| Untracked 
| 294|0x0000000092600000, 0x0000000092700000, 0x0000000092700000|100%| O|  |TAMS 0x0000000092700000, 0x0000000092600000| Untracked 
| 295|0x0000000092700000, 0x0000000092800000, 0x0000000092800000|100%| O|  |TAMS 0x0000000092800000, 0x0000000092700000| Untracked 
| 296|0x0000000092800000, 0x0000000092900000, 0x0000000092900000|100%| O|  |TAMS 0x0000000092900000, 0x0000000092800000| Untracked 
| 297|0x0000000092900000, 0x0000000092a00000, 0x0000000092a00000|100%| O|  |TAMS 0x0000000092a00000, 0x0000000092900000| Untracked 
| 298|0x0000000092a00000, 0x0000000092b00000, 0x0000000092b00000|100%| O|  |TAMS 0x0000000092b00000, 0x0000000092a00000| Untracked 
| 299|0x0000000092b00000, 0x0000000092c00000, 0x0000000092c00000|100%| O|  |TAMS 0x0000000092c00000, 0x0000000092b00000| Untracked 
| 300|0x0000000092c00000, 0x0000000092d00000, 0x0000000092d00000|100%| O|  |TAMS 0x0000000092d00000, 0x0000000092c00000| Untracked 
| 301|0x0000000092d00000, 0x0000000092e00000, 0x0000000092e00000|100%| O|  |TAMS 0x0000000092e00000, 0x0000000092d00000| Untracked 
| 302|0x0000000092e00000, 0x0000000092f00000, 0x0000000092f00000|100%| O|  |TAMS 0x0000000092e00000, 0x0000000092e00000| Untracked 
| 303|0x0000000092f00000, 0x0000000093000000, 0x0000000093000000|100%| O|  |TAMS 0x0000000092f00000, 0x0000000092f00000| Untracked 
| 304|0x0000000093000000, 0x0000000093100000, 0x0000000093100000|100%| O|  |TAMS 0x0000000093100000, 0x0000000093000000| Untracked 
| 305|0x0000000093100000, 0x0000000093200000, 0x0000000093200000|100%| O|  |TAMS 0x0000000093100000, 0x0000000093100000| Untracked 
| 306|0x0000000093200000, 0x0000000093300000, 0x0000000093300000|100%| O|  |TAMS 0x0000000093200000, 0x0000000093200000| Untracked 
| 307|0x0000000093300000, 0x0000000093400000, 0x0000000093400000|100%|HS|  |TAMS 0x0000000093400000, 0x0000000093300000| Complete 
| 308|0x0000000093400000, 0x0000000093500000, 0x0000000093500000|100%|HC|  |TAMS 0x0000000093500000, 0x0000000093400000| Complete 
| 309|0x0000000093500000, 0x0000000093600000, 0x0000000093600000|100%| O|  |TAMS 0x0000000093500000, 0x0000000093500000| Untracked 
| 310|0x0000000093600000, 0x0000000093700000, 0x0000000093700000|100%| O|  |TAMS 0x0000000093600000, 0x0000000093600000| Untracked 
| 311|0x0000000093700000, 0x0000000093800000, 0x0000000093800000|100%| O|  |TAMS 0x0000000093800000, 0x0000000093700000| Untracked 
| 312|0x0000000093800000, 0x0000000093900000, 0x0000000093900000|100%| O|  |TAMS 0x0000000093900000, 0x0000000093800000| Untracked 
| 313|0x0000000093900000, 0x0000000093a00000, 0x0000000093a00000|100%| O|  |TAMS 0x0000000093900000, 0x0000000093900000| Untracked 
| 314|0x0000000093a00000, 0x0000000093b00000, 0x0000000093b00000|100%| O|  |TAMS 0x0000000093b00000, 0x0000000093a00000| Untracked 
| 315|0x0000000093b00000, 0x0000000093c00000, 0x0000000093c00000|100%| O|  |TAMS 0x0000000093c00000, 0x0000000093b00000| Untracked 
| 316|0x0000000093c00000, 0x0000000093d00000, 0x0000000093d00000|100%| O|  |TAMS 0x0000000093d00000, 0x0000000093c00000| Untracked 
| 317|0x0000000093d00000, 0x0000000093e00000, 0x0000000093e00000|100%| O|  |TAMS 0x0000000093d00000, 0x0000000093d00000| Untracked 
| 318|0x0000000093e00000, 0x0000000093f00000, 0x0000000093f00000|100%| O|  |TAMS 0x0000000093f00000, 0x0000000093e00000| Untracked 
| 319|0x0000000093f00000, 0x0000000094000000, 0x0000000094000000|100%| O|  |TAMS 0x0000000094000000, 0x0000000093f00000| Untracked 
| 320|0x0000000094000000, 0x0000000094100000, 0x0000000094100000|100%| O|  |TAMS 0x0000000094100000, 0x0000000094000000| Untracked 
| 321|0x0000000094100000, 0x0000000094200000, 0x0000000094200000|100%| O|  |TAMS 0x0000000094200000, 0x0000000094100000| Untracked 
| 322|0x0000000094200000, 0x0000000094300000, 0x0000000094300000|100%| O|  |TAMS 0x0000000094300000, 0x0000000094200000| Untracked 
| 323|0x0000000094300000, 0x0000000094400000, 0x0000000094400000|100%| O|  |TAMS 0x00000000943cdc00, 0x0000000094300000| Untracked 
| 324|0x0000000094400000, 0x0000000094500000, 0x0000000094500000|100%|HS|  |TAMS 0x0000000094400000, 0x0000000094400000| Complete 
| 325|0x0000000094500000, 0x0000000094600000, 0x0000000094600000|100%|HC|  |TAMS 0x0000000094500000, 0x0000000094500000| Complete 
| 326|0x0000000094600000, 0x0000000094700000, 0x0000000094700000|100%| O|  |TAMS 0x0000000094600000, 0x0000000094600000| Untracked 
| 327|0x0000000094700000, 0x0000000094800000, 0x0000000094800000|100%| O|  |TAMS 0x0000000094700000, 0x0000000094700000| Untracked 
| 328|0x0000000094800000, 0x0000000094900000, 0x0000000094900000|100%|HS|  |TAMS 0x0000000094900000, 0x0000000094800000| Complete 
| 329|0x0000000094900000, 0x0000000094a00000, 0x0000000094a00000|100%|HC|  |TAMS 0x0000000094a00000, 0x0000000094900000| Complete 
| 330|0x0000000094a00000, 0x0000000094b00000, 0x0000000094b00000|100%|HS|  |TAMS 0x0000000094a00000, 0x0000000094a00000| Complete 
| 331|0x0000000094b00000, 0x0000000094c00000, 0x0000000094c00000|100%|HC|  |TAMS 0x0000000094b00000, 0x0000000094b00000| Complete 
| 332|0x0000000094c00000, 0x0000000094d00000, 0x0000000094d00000|100%| O|  |TAMS 0x0000000094c00000, 0x0000000094c00000| Untracked 
| 333|0x0000000094d00000, 0x0000000094e00000, 0x0000000094e00000|100%| O|  |TAMS 0x0000000094d00000, 0x0000000094d00000| Untracked 
| 334|0x0000000094e00000, 0x0000000094f00000, 0x0000000094f00000|100%| O|  |TAMS 0x0000000094e00000, 0x0000000094e00000| Untracked 
| 335|0x0000000094f00000, 0x0000000095000000, 0x0000000095000000|100%| O|  |TAMS 0x0000000094f00000, 0x0000000094f00000| Untracked 
| 336|0x0000000095000000, 0x0000000095100000, 0x0000000095100000|100%| O|  |TAMS 0x0000000095000000, 0x0000000095000000| Untracked 
| 337|0x0000000095100000, 0x0000000095200000, 0x0000000095200000|100%| O|  |TAMS 0x0000000095100000, 0x0000000095100000| Untracked 
| 338|0x0000000095200000, 0x0000000095300000, 0x0000000095300000|100%| O|  |TAMS 0x0000000095200000, 0x0000000095200000| Untracked 
| 339|0x0000000095300000, 0x0000000095400000, 0x0000000095400000|100%| O|  |TAMS 0x0000000095300000, 0x0000000095300000| Untracked 
| 340|0x0000000095400000, 0x0000000095500000, 0x0000000095500000|100%| O|  |TAMS 0x0000000095400000, 0x0000000095400000| Untracked 
| 341|0x0000000095500000, 0x0000000095600000, 0x0000000095600000|100%| O|  |TAMS 0x0000000095500000, 0x0000000095500000| Untracked 
| 342|0x0000000095600000, 0x0000000095700000, 0x0000000095700000|100%| O|  |TAMS 0x0000000095600000, 0x0000000095600000| Untracked 
| 343|0x0000000095700000, 0x0000000095800000, 0x0000000095800000|100%| O|  |TAMS 0x0000000095700000, 0x0000000095700000| Untracked 
| 344|0x0000000095800000, 0x0000000095900000, 0x0000000095900000|100%| O|  |TAMS 0x0000000095800000, 0x0000000095800000| Untracked 
| 345|0x0000000095900000, 0x0000000095a00000, 0x0000000095a00000|100%| O|  |TAMS 0x0000000095900000, 0x0000000095900000| Untracked 
| 346|0x0000000095a00000, 0x0000000095b00000, 0x0000000095b00000|100%| O|  |TAMS 0x0000000095a00000, 0x0000000095a00000| Untracked 
| 347|0x0000000095b00000, 0x0000000095c00000, 0x0000000095c00000|100%| O|  |TAMS 0x0000000095b00000, 0x0000000095b00000| Untracked 
| 348|0x0000000095c00000, 0x0000000095d00000, 0x0000000095d00000|100%| O|  |TAMS 0x0000000095c00000, 0x0000000095c00000| Untracked 
| 349|0x0000000095d00000, 0x0000000095e00000, 0x0000000095e00000|100%| O|  |TAMS 0x0000000095d00000, 0x0000000095d00000| Untracked 
| 350|0x0000000095e00000, 0x0000000095f00000, 0x0000000095f00000|100%| O|  |TAMS 0x0000000095e00000, 0x0000000095e00000| Untracked 
| 351|0x0000000095f00000, 0x0000000096000000, 0x0000000096000000|100%| O|  |TAMS 0x0000000095f00000, 0x0000000095f00000| Untracked 
| 352|0x0000000096000000, 0x0000000096100000, 0x0000000096100000|100%| O|  |TAMS 0x0000000096000000, 0x0000000096000000| Untracked 
| 353|0x0000000096100000, 0x0000000096200000, 0x0000000096200000|100%| O|  |TAMS 0x0000000096100000, 0x0000000096100000| Untracked 
| 354|0x0000000096200000, 0x0000000096300000, 0x0000000096300000|100%| O|  |TAMS 0x0000000096200000, 0x0000000096200000| Untracked 
| 355|0x0000000096300000, 0x0000000096400000, 0x0000000096400000|100%| O|  |TAMS 0x0000000096300000, 0x0000000096300000| Untracked 
| 356|0x0000000096400000, 0x0000000096500000, 0x0000000096500000|100%| O|  |TAMS 0x0000000096400000, 0x0000000096400000| Untracked 
| 357|0x0000000096500000, 0x0000000096600000, 0x0000000096600000|100%| O|  |TAMS 0x0000000096500000, 0x0000000096500000| Untracked 
| 358|0x0000000096600000, 0x0000000096700000, 0x0000000096700000|100%| O|  |TAMS 0x0000000096600000, 0x0000000096600000| Untracked 
| 359|0x0000000096700000, 0x0000000096800000, 0x0000000096800000|100%| O|  |TAMS 0x0000000096700000, 0x0000000096700000| Untracked 
| 360|0x0000000096800000, 0x0000000096900000, 0x0000000096900000|100%| O|  |TAMS 0x0000000096800000, 0x0000000096800000| Untracked 
| 361|0x0000000096900000, 0x0000000096a00000, 0x0000000096a00000|100%| O|  |TAMS 0x0000000096900000, 0x0000000096900000| Untracked 
| 362|0x0000000096a00000, 0x0000000096b00000, 0x0000000096b00000|100%| O|  |TAMS 0x0000000096a00000, 0x0000000096a00000| Untracked 
| 363|0x0000000096b00000, 0x0000000096c00000, 0x0000000096c00000|100%| O|  |TAMS 0x0000000096b00000, 0x0000000096b00000| Untracked 
| 364|0x0000000096c00000, 0x0000000096d00000, 0x0000000096d00000|100%| O|  |TAMS 0x0000000096c00000, 0x0000000096c00000| Untracked 
| 365|0x0000000096d00000, 0x0000000096e00000, 0x0000000096e00000|100%| O|  |TAMS 0x0000000096d00000, 0x0000000096d00000| Untracked 
| 366|0x0000000096e00000, 0x0000000096f00000, 0x0000000096f00000|100%| O|  |TAMS 0x0000000096e00000, 0x0000000096e00000| Untracked 
| 367|0x0000000096f00000, 0x0000000097000000, 0x0000000097000000|100%| O|  |TAMS 0x0000000096f00000, 0x0000000096f00000| Untracked 
| 368|0x0000000097000000, 0x0000000097100000, 0x0000000097100000|100%| O|  |TAMS 0x0000000097000000, 0x0000000097000000| Untracked 
| 369|0x0000000097100000, 0x0000000097200000, 0x0000000097200000|100%| O|  |TAMS 0x0000000097100000, 0x0000000097100000| Untracked 
| 370|0x0000000097200000, 0x0000000097300000, 0x0000000097300000|100%| O|  |TAMS 0x0000000097200000, 0x0000000097200000| Untracked 
| 371|0x0000000097300000, 0x0000000097400000, 0x0000000097400000|100%| O|  |TAMS 0x0000000097300000, 0x0000000097300000| Untracked 
| 372|0x0000000097400000, 0x0000000097500000, 0x0000000097500000|100%| O|  |TAMS 0x0000000097400000, 0x0000000097400000| Untracked 
| 373|0x0000000097500000, 0x0000000097600000, 0x0000000097600000|100%| O|  |TAMS 0x0000000097500000, 0x0000000097500000| Untracked 
| 374|0x0000000097600000, 0x0000000097700000, 0x0000000097700000|100%| O|  |TAMS 0x0000000097600000, 0x0000000097600000| Untracked 
| 375|0x0000000097700000, 0x0000000097800000, 0x0000000097800000|100%| O|  |TAMS 0x0000000097700000, 0x0000000097700000| Untracked 
| 376|0x0000000097800000, 0x0000000097900000, 0x0000000097900000|100%| O|  |TAMS 0x0000000097800000, 0x0000000097800000| Untracked 
| 377|0x0000000097900000, 0x0000000097a00000, 0x0000000097a00000|100%| O|  |TAMS 0x0000000097900000, 0x0000000097900000| Untracked 
| 378|0x0000000097a00000, 0x0000000097b00000, 0x0000000097b00000|100%| O|  |TAMS 0x0000000097a00000, 0x0000000097a00000| Untracked 
| 379|0x0000000097b00000, 0x0000000097c00000, 0x0000000097c00000|100%|HS|  |TAMS 0x0000000097b00000, 0x0000000097b00000| Complete 
| 380|0x0000000097c00000, 0x0000000097d00000, 0x0000000097d00000|100%|HC|  |TAMS 0x0000000097c00000, 0x0000000097c00000| Complete 
| 381|0x0000000097d00000, 0x0000000097e00000, 0x0000000097e00000|100%| O|  |TAMS 0x0000000097d00000, 0x0000000097d00000| Untracked 
| 382|0x0000000097e00000, 0x0000000097f00000, 0x0000000097f00000|100%| O|  |TAMS 0x0000000097e00000, 0x0000000097e00000| Untracked 
| 383|0x0000000097f00000, 0x0000000098000000, 0x0000000098000000|100%| O|  |TAMS 0x0000000097f00000, 0x0000000097f00000| Untracked 
| 384|0x0000000098000000, 0x0000000098100000, 0x0000000098100000|100%| O|  |TAMS 0x0000000098000000, 0x0000000098000000| Untracked 
| 385|0x0000000098100000, 0x0000000098200000, 0x0000000098200000|100%| O|  |TAMS 0x0000000098100000, 0x0000000098100000| Untracked 
| 386|0x0000000098200000, 0x0000000098300000, 0x0000000098300000|100%| O|  |TAMS 0x0000000098200000, 0x0000000098200000| Untracked 
| 387|0x0000000098300000, 0x0000000098400000, 0x0000000098400000|100%| O|  |TAMS 0x0000000098300000, 0x0000000098300000| Untracked 
| 388|0x0000000098400000, 0x0000000098500000, 0x0000000098500000|100%| O|  |TAMS 0x0000000098400000, 0x0000000098400000| Untracked 
| 389|0x0000000098500000, 0x0000000098600000, 0x0000000098600000|100%| O|  |TAMS 0x0000000098500000, 0x0000000098500000| Untracked 
| 390|0x0000000098600000, 0x0000000098700000, 0x0000000098700000|100%| O|  |TAMS 0x0000000098600000, 0x0000000098600000| Untracked 
| 391|0x0000000098700000, 0x0000000098800000, 0x0000000098800000|100%| O|  |TAMS 0x0000000098700000, 0x0000000098700000| Untracked 
| 392|0x0000000098800000, 0x0000000098900000, 0x0000000098900000|100%| O|  |TAMS 0x0000000098800000, 0x0000000098800000| Untracked 
| 393|0x0000000098900000, 0x0000000098a00000, 0x0000000098a00000|100%| O|  |TAMS 0x0000000098900000, 0x0000000098900000| Untracked 
| 394|0x0000000098a00000, 0x0000000098b00000, 0x0000000098b00000|100%| O|  |TAMS 0x0000000098a00000, 0x0000000098a00000| Untracked 
| 395|0x0000000098b00000, 0x0000000098c00000, 0x0000000098c00000|100%| O|  |TAMS 0x0000000098b00000, 0x0000000098b00000| Untracked 
| 396|0x0000000098c00000, 0x0000000098d00000, 0x0000000098d00000|100%| O|  |TAMS 0x0000000098c00000, 0x0000000098c00000| Untracked 
| 397|0x0000000098d00000, 0x0000000098e00000, 0x0000000098e00000|100%| O|  |TAMS 0x0000000098d00000, 0x0000000098d00000| Untracked 
| 398|0x0000000098e00000, 0x0000000098f00000, 0x0000000098f00000|100%| O|  |TAMS 0x0000000098e00000, 0x0000000098e00000| Untracked 
| 399|0x0000000098f00000, 0x0000000099000000, 0x0000000099000000|100%| O|  |TAMS 0x0000000098f00000, 0x0000000098f00000| Untracked 
| 400|0x0000000099000000, 0x0000000099100000, 0x0000000099100000|100%| O|  |TAMS 0x0000000099000000, 0x0000000099000000| Untracked 
| 401|0x0000000099100000, 0x0000000099200000, 0x0000000099200000|100%| O|  |TAMS 0x0000000099100000, 0x0000000099100000| Untracked 
| 402|0x0000000099200000, 0x0000000099300000, 0x0000000099300000|100%| O|  |TAMS 0x0000000099200000, 0x0000000099200000| Untracked 
| 403|0x0000000099300000, 0x0000000099400000, 0x0000000099400000|100%| O|  |TAMS 0x0000000099300000, 0x0000000099300000| Untracked 
| 404|0x0000000099400000, 0x0000000099500000, 0x0000000099500000|100%| O|  |TAMS 0x0000000099400000, 0x0000000099400000| Untracked 
| 405|0x0000000099500000, 0x0000000099600000, 0x0000000099600000|100%| O|  |TAMS 0x0000000099500000, 0x0000000099500000| Untracked 
| 406|0x0000000099600000, 0x0000000099700000, 0x0000000099700000|100%| O|  |TAMS 0x0000000099600000, 0x0000000099600000| Untracked 
| 407|0x0000000099700000, 0x0000000099800000, 0x0000000099800000|100%| O|  |TAMS 0x0000000099700000, 0x0000000099700000| Untracked 
| 408|0x0000000099800000, 0x0000000099900000, 0x0000000099900000|100%| O|  |TAMS 0x0000000099800000, 0x0000000099800000| Untracked 
| 409|0x0000000099900000, 0x0000000099a00000, 0x0000000099a00000|100%| O|  |TAMS 0x0000000099900000, 0x0000000099900000| Untracked 
| 410|0x0000000099a00000, 0x0000000099a36200, 0x0000000099b00000| 21%| O|  |TAMS 0x0000000099a00000, 0x0000000099a00000| Untracked 
| 411|0x0000000099b00000, 0x0000000099b00000, 0x0000000099c00000|  0%| F|  |TAMS 0x0000000099b00000, 0x0000000099b00000| Untracked 
| 412|0x0000000099c00000, 0x0000000099c00000, 0x0000000099d00000|  0%| F|  |TAMS 0x0000000099c00000, 0x0000000099c00000| Untracked 
| 413|0x0000000099d00000, 0x0000000099d00000, 0x0000000099e00000|  0%| F|  |TAMS 0x0000000099d00000, 0x0000000099d00000| Untracked 
| 414|0x0000000099e00000, 0x0000000099e00000, 0x0000000099f00000|  0%| F|  |TAMS 0x0000000099e00000, 0x0000000099e00000| Untracked 
| 415|0x0000000099f00000, 0x0000000099f00000, 0x000000009a000000|  0%| F|  |TAMS 0x0000000099f00000, 0x0000000099f00000| Untracked 
| 416|0x000000009a000000, 0x000000009a000000, 0x000000009a100000|  0%| F|  |TAMS 0x000000009a000000, 0x000000009a000000| Untracked 
| 417|0x000000009a100000, 0x000000009a100000, 0x000000009a200000|  0%| F|  |TAMS 0x000000009a100000, 0x000000009a100000| Untracked 
| 418|0x000000009a200000, 0x000000009a200000, 0x000000009a300000|  0%| F|  |TAMS 0x000000009a200000, 0x000000009a200000| Untracked 
| 419|0x000000009a300000, 0x000000009a300000, 0x000000009a400000|  0%| F|  |TAMS 0x000000009a300000, 0x000000009a300000| Untracked 
| 420|0x000000009a400000, 0x000000009a400000, 0x000000009a500000|  0%| F|  |TAMS 0x000000009a400000, 0x000000009a400000| Untracked 
| 421|0x000000009a500000, 0x000000009a500000, 0x000000009a600000|  0%| F|  |TAMS 0x000000009a500000, 0x000000009a500000| Untracked 
| 422|0x000000009a600000, 0x000000009a600000, 0x000000009a700000|  0%| F|  |TAMS 0x000000009a600000, 0x000000009a600000| Untracked 
| 423|0x000000009a700000, 0x000000009a700000, 0x000000009a800000|  0%| F|  |TAMS 0x000000009a700000, 0x000000009a700000| Untracked 
| 424|0x000000009a800000, 0x000000009a800000, 0x000000009a900000|  0%| F|  |TAMS 0x000000009a800000, 0x000000009a800000| Untracked 
| 425|0x000000009a900000, 0x000000009a900000, 0x000000009aa00000|  0%| F|  |TAMS 0x000000009a900000, 0x000000009a900000| Untracked 
| 426|0x000000009aa00000, 0x000000009aa00000, 0x000000009ab00000|  0%| F|  |TAMS 0x000000009aa00000, 0x000000009aa00000| Untracked 
| 427|0x000000009ab00000, 0x000000009ab00000, 0x000000009ac00000|  0%| F|  |TAMS 0x000000009ab00000, 0x000000009ab00000| Untracked 
| 428|0x000000009ac00000, 0x000000009ac00000, 0x000000009ad00000|  0%| F|  |TAMS 0x000000009ac00000, 0x000000009ac00000| Untracked 
| 429|0x000000009ad00000, 0x000000009ad00000, 0x000000009ae00000|  0%| F|  |TAMS 0x000000009ad00000, 0x000000009ad00000| Untracked 
| 430|0x000000009ae00000, 0x000000009ae00000, 0x000000009af00000|  0%| F|  |TAMS 0x000000009ae00000, 0x000000009ae00000| Untracked 
| 431|0x000000009af00000, 0x000000009af00000, 0x000000009b000000|  0%| F|  |TAMS 0x000000009af00000, 0x000000009af00000| Untracked 
| 432|0x000000009b000000, 0x000000009b000000, 0x000000009b100000|  0%| F|  |TAMS 0x000000009b000000, 0x000000009b000000| Untracked 
| 433|0x000000009b100000, 0x000000009b100000, 0x000000009b200000|  0%| F|  |TAMS 0x000000009b100000, 0x000000009b100000| Untracked 
| 434|0x000000009b200000, 0x000000009b200000, 0x000000009b300000|  0%| F|  |TAMS 0x000000009b200000, 0x000000009b200000| Untracked 
| 435|0x000000009b300000, 0x000000009b300000, 0x000000009b400000|  0%| F|  |TAMS 0x000000009b300000, 0x000000009b300000| Untracked 
| 436|0x000000009b400000, 0x000000009b400000, 0x000000009b500000|  0%| F|  |TAMS 0x000000009b400000, 0x000000009b400000| Untracked 
| 437|0x000000009b500000, 0x000000009b500000, 0x000000009b600000|  0%| F|  |TAMS 0x000000009b500000, 0x000000009b500000| Untracked 
| 438|0x000000009b600000, 0x000000009b600000, 0x000000009b700000|  0%| F|  |TAMS 0x000000009b600000, 0x000000009b600000| Untracked 
| 439|0x000000009b700000, 0x000000009b700000, 0x000000009b800000|  0%| F|  |TAMS 0x000000009b700000, 0x000000009b700000| Untracked 
| 440|0x000000009b800000, 0x000000009b800000, 0x000000009b900000|  0%| F|  |TAMS 0x000000009b800000, 0x000000009b800000| Untracked 
| 441|0x000000009b900000, 0x000000009b900000, 0x000000009ba00000|  0%| F|  |TAMS 0x000000009b900000, 0x000000009b900000| Untracked 
| 442|0x000000009ba00000, 0x000000009ba00000, 0x000000009bb00000|  0%| F|  |TAMS 0x000000009ba00000, 0x000000009ba00000| Untracked 
| 443|0x000000009bb00000, 0x000000009bb00000, 0x000000009bc00000|  0%| F|  |TAMS 0x000000009bb00000, 0x000000009bb00000| Untracked 
| 444|0x000000009bc00000, 0x000000009bc00000, 0x000000009bd00000|  0%| F|  |TAMS 0x000000009bc00000, 0x000000009bc00000| Untracked 
| 445|0x000000009bd00000, 0x000000009bd00000, 0x000000009be00000|  0%| F|  |TAMS 0x000000009bd00000, 0x000000009bd00000| Untracked 
| 446|0x000000009be00000, 0x000000009be00000, 0x000000009bf00000|  0%| F|  |TAMS 0x000000009be00000, 0x000000009be00000| Untracked 
| 447|0x000000009bf00000, 0x000000009bf00000, 0x000000009c000000|  0%| F|  |TAMS 0x000000009bf00000, 0x000000009bf00000| Untracked 
| 448|0x000000009c000000, 0x000000009c000000, 0x000000009c100000|  0%| F|  |TAMS 0x000000009c000000, 0x000000009c000000| Untracked 
| 449|0x000000009c100000, 0x000000009c100000, 0x000000009c200000|  0%| F|  |TAMS 0x000000009c100000, 0x000000009c100000| Untracked 
| 450|0x000000009c200000, 0x000000009c200000, 0x000000009c300000|  0%| F|  |TAMS 0x000000009c200000, 0x000000009c200000| Untracked 
| 451|0x000000009c300000, 0x000000009c300000, 0x000000009c400000|  0%| F|  |TAMS 0x000000009c300000, 0x000000009c300000| Untracked 
| 452|0x000000009c400000, 0x000000009c400000, 0x000000009c500000|  0%| F|  |TAMS 0x000000009c400000, 0x000000009c400000| Untracked 
| 453|0x000000009c500000, 0x000000009c500000, 0x000000009c600000|  0%| F|  |TAMS 0x000000009c500000, 0x000000009c500000| Untracked 
| 454|0x000000009c600000, 0x000000009c600000, 0x000000009c700000|  0%| F|  |TAMS 0x000000009c600000, 0x000000009c600000| Untracked 
| 455|0x000000009c700000, 0x000000009c700000, 0x000000009c800000|  0%| F|  |TAMS 0x000000009c700000, 0x000000009c700000| Untracked 
| 456|0x000000009c800000, 0x000000009c800000, 0x000000009c900000|  0%| F|  |TAMS 0x000000009c800000, 0x000000009c800000| Untracked 
| 457|0x000000009c900000, 0x000000009c900000, 0x000000009ca00000|  0%| F|  |TAMS 0x000000009c900000, 0x000000009c900000| Untracked 
| 458|0x000000009ca00000, 0x000000009ca00000, 0x000000009cb00000|  0%| F|  |TAMS 0x000000009ca00000, 0x000000009ca00000| Untracked 
| 459|0x000000009cb00000, 0x000000009cb00000, 0x000000009cc00000|  0%| F|  |TAMS 0x000000009cb00000, 0x000000009cb00000| Untracked 
| 460|0x000000009cc00000, 0x000000009cc00000, 0x000000009cd00000|  0%| F|  |TAMS 0x000000009cc00000, 0x000000009cc00000| Untracked 
| 461|0x000000009cd00000, 0x000000009cd00000, 0x000000009ce00000|  0%| F|  |TAMS 0x000000009cd00000, 0x000000009cd00000| Untracked 
| 462|0x000000009ce00000, 0x000000009ce00000, 0x000000009cf00000|  0%| F|  |TAMS 0x000000009ce00000, 0x000000009ce00000| Untracked 
| 463|0x000000009cf00000, 0x000000009cf00000, 0x000000009d000000|  0%| F|  |TAMS 0x000000009cf00000, 0x000000009cf00000| Untracked 
| 464|0x000000009d000000, 0x000000009d000000, 0x000000009d100000|  0%| F|  |TAMS 0x000000009d000000, 0x000000009d000000| Untracked 
| 465|0x000000009d100000, 0x000000009d100000, 0x000000009d200000|  0%| F|  |TAMS 0x000000009d100000, 0x000000009d100000| Untracked 
| 466|0x000000009d200000, 0x000000009d200000, 0x000000009d300000|  0%| F|  |TAMS 0x000000009d200000, 0x000000009d200000| Untracked 
| 467|0x000000009d300000, 0x000000009d300000, 0x000000009d400000|  0%| F|  |TAMS 0x000000009d300000, 0x000000009d300000| Untracked 
| 468|0x000000009d400000, 0x000000009d400000, 0x000000009d500000|  0%| F|  |TAMS 0x000000009d400000, 0x000000009d400000| Untracked 
| 469|0x000000009d500000, 0x000000009d500000, 0x000000009d600000|  0%| F|  |TAMS 0x000000009d500000, 0x000000009d500000| Untracked 
| 470|0x000000009d600000, 0x000000009d600000, 0x000000009d700000|  0%| F|  |TAMS 0x000000009d600000, 0x000000009d600000| Untracked 
| 471|0x000000009d700000, 0x000000009d700000, 0x000000009d800000|  0%| F|  |TAMS 0x000000009d700000, 0x000000009d700000| Untracked 
| 472|0x000000009d800000, 0x000000009d8c99a0, 0x000000009d900000| 78%| S|CS|TAMS 0x000000009d800000, 0x000000009d800000| Complete 
| 473|0x000000009d900000, 0x000000009d900000, 0x000000009da00000|  0%| F|  |TAMS 0x000000009d900000, 0x000000009d900000| Untracked 
| 474|0x000000009da00000, 0x000000009da00000, 0x000000009db00000|  0%| F|  |TAMS 0x000000009da00000, 0x000000009da00000| Untracked 
| 475|0x000000009db00000, 0x000000009dc00000, 0x000000009dc00000|100%| S|CS|TAMS 0x000000009db00000, 0x000000009db00000| Complete 
| 476|0x000000009dc00000, 0x000000009dd00000, 0x000000009dd00000|100%| S|CS|TAMS 0x000000009dc00000, 0x000000009dc00000| Complete 
| 477|0x000000009dd00000, 0x000000009de00000, 0x000000009de00000|100%| S|CS|TAMS 0x000000009dd00000, 0x000000009dd00000| Complete 
| 478|0x000000009de00000, 0x000000009df00000, 0x000000009df00000|100%| S|CS|TAMS 0x000000009de00000, 0x000000009de00000| Complete 
| 479|0x000000009df00000, 0x000000009e000000, 0x000000009e000000|100%| S|CS|TAMS 0x000000009df00000, 0x000000009df00000| Complete 
| 480|0x000000009e000000, 0x000000009e100000, 0x000000009e100000|100%| S|CS|TAMS 0x000000009e000000, 0x000000009e000000| Complete 
| 481|0x000000009e100000, 0x000000009e200000, 0x000000009e200000|100%| S|CS|TAMS 0x000000009e100000, 0x000000009e100000| Complete 
| 482|0x000000009e200000, 0x000000009e300000, 0x000000009e300000|100%| S|CS|TAMS 0x000000009e200000, 0x000000009e200000| Complete 
| 483|0x000000009e300000, 0x000000009e300000, 0x000000009e400000|  0%| F|  |TAMS 0x000000009e300000, 0x000000009e300000| Untracked 
| 484|0x000000009e400000, 0x000000009e400000, 0x000000009e500000|  0%| F|  |TAMS 0x000000009e400000, 0x000000009e400000| Untracked 
| 485|0x000000009e500000, 0x000000009e500000, 0x000000009e600000|  0%| F|  |TAMS 0x000000009e500000, 0x000000009e500000| Untracked 
| 486|0x000000009e600000, 0x000000009e600000, 0x000000009e700000|  0%| F|  |TAMS 0x000000009e600000, 0x000000009e600000| Untracked 
| 487|0x000000009e700000, 0x000000009e700000, 0x000000009e800000|  0%| F|  |TAMS 0x000000009e700000, 0x000000009e700000| Untracked 
| 488|0x000000009e800000, 0x000000009e900000, 0x000000009e900000|100%| S|CS|TAMS 0x000000009e800000, 0x000000009e800000| Complete 
| 489|0x000000009e900000, 0x000000009ea00000, 0x000000009ea00000|100%| S|CS|TAMS 0x000000009e900000, 0x000000009e900000| Complete 
| 490|0x000000009ea00000, 0x000000009eb00000, 0x000000009eb00000|100%| S|CS|TAMS 0x000000009ea00000, 0x000000009ea00000| Complete 
| 491|0x000000009eb00000, 0x000000009eb00000, 0x000000009ec00000|  0%| F|  |TAMS 0x000000009eb00000, 0x000000009eb00000| Untracked 
| 492|0x000000009ec00000, 0x000000009ec00000, 0x000000009ed00000|  0%| F|  |TAMS 0x000000009ec00000, 0x000000009ec00000| Untracked 
| 493|0x000000009ed00000, 0x000000009ed00000, 0x000000009ee00000|  0%| F|  |TAMS 0x000000009ed00000, 0x000000009ed00000| Untracked 
| 494|0x000000009ee00000, 0x000000009ee00000, 0x000000009ef00000|  0%| F|  |TAMS 0x000000009ee00000, 0x000000009ee00000| Untracked 
| 495|0x000000009ef00000, 0x000000009f000000, 0x000000009f000000|100%| S|CS|TAMS 0x000000009ef00000, 0x000000009ef00000| Complete 
| 496|0x000000009f000000, 0x000000009f000000, 0x000000009f100000|  0%| F|  |TAMS 0x000000009f000000, 0x000000009f000000| Untracked 
| 497|0x000000009f100000, 0x000000009f100000, 0x000000009f200000|  0%| F|  |TAMS 0x000000009f100000, 0x000000009f100000| Untracked 
| 498|0x000000009f200000, 0x000000009f200000, 0x000000009f300000|  0%| F|  |TAMS 0x000000009f200000, 0x000000009f200000| Untracked 
| 499|0x000000009f300000, 0x000000009f300000, 0x000000009f400000|  0%| F|  |TAMS 0x000000009f300000, 0x000000009f300000| Untracked 
| 500|0x000000009f400000, 0x000000009f400000, 0x000000009f500000|  0%| F|  |TAMS 0x000000009f400000, 0x000000009f400000| Untracked 
| 501|0x000000009f500000, 0x000000009f500000, 0x000000009f600000|  0%| F|  |TAMS 0x000000009f500000, 0x000000009f500000| Untracked 
| 502|0x000000009f600000, 0x000000009f600000, 0x000000009f700000|  0%| F|  |TAMS 0x000000009f600000, 0x000000009f600000| Untracked 
| 503|0x000000009f700000, 0x000000009f700000, 0x000000009f800000|  0%| F|  |TAMS 0x000000009f700000, 0x000000009f700000| Untracked 
| 504|0x000000009f800000, 0x000000009f800000, 0x000000009f900000|  0%| F|  |TAMS 0x000000009f800000, 0x000000009f800000| Untracked 
| 505|0x000000009f900000, 0x000000009f900000, 0x000000009fa00000|  0%| F|  |TAMS 0x000000009f900000, 0x000000009f900000| Untracked 
| 506|0x000000009fa00000, 0x000000009fa00000, 0x000000009fb00000|  0%| F|  |TAMS 0x000000009fa00000, 0x000000009fa00000| Untracked 
| 507|0x000000009fb00000, 0x000000009fb00000, 0x000000009fc00000|  0%| F|  |TAMS 0x000000009fb00000, 0x000000009fb00000| Untracked 
| 508|0x000000009fc00000, 0x000000009fc00000, 0x000000009fd00000|  0%| F|  |TAMS 0x000000009fc00000, 0x000000009fc00000| Untracked 
| 509|0x000000009fd00000, 0x000000009fd00000, 0x000000009fe00000|  0%| F|  |TAMS 0x000000009fd00000, 0x000000009fd00000| Untracked 
| 510|0x000000009fe00000, 0x000000009fe00000, 0x000000009ff00000|  0%| F|  |TAMS 0x000000009fe00000, 0x000000009fe00000| Untracked 
| 511|0x000000009ff00000, 0x000000009ff00000, 0x00000000a0000000|  0%| F|  |TAMS 0x000000009ff00000, 0x000000009ff00000| Untracked 
| 512|0x00000000a0000000, 0x00000000a0000000, 0x00000000a0100000|  0%| F|  |TAMS 0x00000000a0000000, 0x00000000a0000000| Untracked 
| 513|0x00000000a0100000, 0x00000000a0100000, 0x00000000a0200000|  0%| F|  |TAMS 0x00000000a0100000, 0x00000000a0100000| Untracked 
| 514|0x00000000a0200000, 0x00000000a0200000, 0x00000000a0300000|  0%| F|  |TAMS 0x00000000a0200000, 0x00000000a0200000| Untracked 
| 515|0x00000000a0300000, 0x00000000a0300000, 0x00000000a0400000|  0%| F|  |TAMS 0x00000000a0300000, 0x00000000a0300000| Untracked 
| 516|0x00000000a0400000, 0x00000000a0400000, 0x00000000a0500000|  0%| F|  |TAMS 0x00000000a0400000, 0x00000000a0400000| Untracked 
| 517|0x00000000a0500000, 0x00000000a0500000, 0x00000000a0600000|  0%| F|  |TAMS 0x00000000a0500000, 0x00000000a0500000| Untracked 
| 518|0x00000000a0600000, 0x00000000a0600000, 0x00000000a0700000|  0%| F|  |TAMS 0x00000000a0600000, 0x00000000a0600000| Untracked 
| 519|0x00000000a0700000, 0x00000000a0700000, 0x00000000a0800000|  0%| F|  |TAMS 0x00000000a0700000, 0x00000000a0700000| Untracked 
| 520|0x00000000a0800000, 0x00000000a0800000, 0x00000000a0900000|  0%| F|  |TAMS 0x00000000a0800000, 0x00000000a0800000| Untracked 
| 521|0x00000000a0900000, 0x00000000a0900000, 0x00000000a0a00000|  0%| F|  |TAMS 0x00000000a0900000, 0x00000000a0900000| Untracked 
| 522|0x00000000a0a00000, 0x00000000a0a00000, 0x00000000a0b00000|  0%| F|  |TAMS 0x00000000a0a00000, 0x00000000a0a00000| Untracked 
| 523|0x00000000a0b00000, 0x00000000a0b00000, 0x00000000a0c00000|  0%| F|  |TAMS 0x00000000a0b00000, 0x00000000a0b00000| Untracked 
| 524|0x00000000a0c00000, 0x00000000a0c00000, 0x00000000a0d00000|  0%| F|  |TAMS 0x00000000a0c00000, 0x00000000a0c00000| Untracked 
| 525|0x00000000a0d00000, 0x00000000a0d00000, 0x00000000a0e00000|  0%| F|  |TAMS 0x00000000a0d00000, 0x00000000a0d00000| Untracked 
| 526|0x00000000a0e00000, 0x00000000a0e00000, 0x00000000a0f00000|  0%| F|  |TAMS 0x00000000a0e00000, 0x00000000a0e00000| Untracked 
| 527|0x00000000a0f00000, 0x00000000a0f00000, 0x00000000a1000000|  0%| F|  |TAMS 0x00000000a0f00000, 0x00000000a0f00000| Untracked 
| 528|0x00000000a1000000, 0x00000000a1000000, 0x00000000a1100000|  0%| F|  |TAMS 0x00000000a1000000, 0x00000000a1000000| Untracked 
| 529|0x00000000a1100000, 0x00000000a1100000, 0x00000000a1200000|  0%| F|  |TAMS 0x00000000a1100000, 0x00000000a1100000| Untracked 
| 530|0x00000000a1200000, 0x00000000a1200000, 0x00000000a1300000|  0%| F|  |TAMS 0x00000000a1200000, 0x00000000a1200000| Untracked 
| 531|0x00000000a1300000, 0x00000000a1300000, 0x00000000a1400000|  0%| F|  |TAMS 0x00000000a1300000, 0x00000000a1300000| Untracked 
| 532|0x00000000a1400000, 0x00000000a1400000, 0x00000000a1500000|  0%| F|  |TAMS 0x00000000a1400000, 0x00000000a1400000| Untracked 
| 533|0x00000000a1500000, 0x00000000a1500000, 0x00000000a1600000|  0%| F|  |TAMS 0x00000000a1500000, 0x00000000a1500000| Untracked 
| 534|0x00000000a1600000, 0x00000000a1600000, 0x00000000a1700000|  0%| F|  |TAMS 0x00000000a1600000, 0x00000000a1600000| Untracked 
| 535|0x00000000a1700000, 0x00000000a1700000, 0x00000000a1800000|  0%| F|  |TAMS 0x00000000a1700000, 0x00000000a1700000| Untracked 
| 536|0x00000000a1800000, 0x00000000a1800000, 0x00000000a1900000|  0%| F|  |TAMS 0x00000000a1800000, 0x00000000a1800000| Untracked 
| 537|0x00000000a1900000, 0x00000000a1900000, 0x00000000a1a00000|  0%| F|  |TAMS 0x00000000a1900000, 0x00000000a1900000| Untracked 
| 538|0x00000000a1a00000, 0x00000000a1a00000, 0x00000000a1b00000|  0%| F|  |TAMS 0x00000000a1a00000, 0x00000000a1a00000| Untracked 
| 539|0x00000000a1b00000, 0x00000000a1b00000, 0x00000000a1c00000|  0%| F|  |TAMS 0x00000000a1b00000, 0x00000000a1b00000| Untracked 
| 540|0x00000000a1c00000, 0x00000000a1c00000, 0x00000000a1d00000|  0%| F|  |TAMS 0x00000000a1c00000, 0x00000000a1c00000| Untracked 
| 541|0x00000000a1d00000, 0x00000000a1d00000, 0x00000000a1e00000|  0%| F|  |TAMS 0x00000000a1d00000, 0x00000000a1d00000| Untracked 
| 542|0x00000000a1e00000, 0x00000000a1e00000, 0x00000000a1f00000|  0%| F|  |TAMS 0x00000000a1e00000, 0x00000000a1e00000| Untracked 
| 543|0x00000000a1f00000, 0x00000000a1f00000, 0x00000000a2000000|  0%| F|  |TAMS 0x00000000a1f00000, 0x00000000a1f00000| Untracked 
| 544|0x00000000a2000000, 0x00000000a2000000, 0x00000000a2100000|  0%| F|  |TAMS 0x00000000a2000000, 0x00000000a2000000| Untracked 
| 545|0x00000000a2100000, 0x00000000a2100000, 0x00000000a2200000|  0%| F|  |TAMS 0x00000000a2100000, 0x00000000a2100000| Untracked 
| 546|0x00000000a2200000, 0x00000000a2200000, 0x00000000a2300000|  0%| F|  |TAMS 0x00000000a2200000, 0x00000000a2200000| Untracked 
| 547|0x00000000a2300000, 0x00000000a2300000, 0x00000000a2400000|  0%| F|  |TAMS 0x00000000a2300000, 0x00000000a2300000| Untracked 
| 548|0x00000000a2400000, 0x00000000a2400000, 0x00000000a2500000|  0%| F|  |TAMS 0x00000000a2400000, 0x00000000a2400000| Untracked 
| 549|0x00000000a2500000, 0x00000000a2500000, 0x00000000a2600000|  0%| F|  |TAMS 0x00000000a2500000, 0x00000000a2500000| Untracked 
| 550|0x00000000a2600000, 0x00000000a2600000, 0x00000000a2700000|  0%| F|  |TAMS 0x00000000a2600000, 0x00000000a2600000| Untracked 
| 551|0x00000000a2700000, 0x00000000a2700000, 0x00000000a2800000|  0%| F|  |TAMS 0x00000000a2700000, 0x00000000a2700000| Untracked 
| 552|0x00000000a2800000, 0x00000000a2800000, 0x00000000a2900000|  0%| F|  |TAMS 0x00000000a2800000, 0x00000000a2800000| Untracked 
| 553|0x00000000a2900000, 0x00000000a2900000, 0x00000000a2a00000|  0%| F|  |TAMS 0x00000000a2900000, 0x00000000a2900000| Untracked 
| 554|0x00000000a2a00000, 0x00000000a2b00000, 0x00000000a2b00000|100%| E|  |TAMS 0x00000000a2a00000, 0x00000000a2a00000| Complete 
| 555|0x00000000a2b00000, 0x00000000a2c00000, 0x00000000a2c00000|100%| E|CS|TAMS 0x00000000a2b00000, 0x00000000a2b00000| Complete 
| 556|0x00000000a2c00000, 0x00000000a2d00000, 0x00000000a2d00000|100%| E|CS|TAMS 0x00000000a2c00000, 0x00000000a2c00000| Complete 
| 557|0x00000000a2d00000, 0x00000000a2e00000, 0x00000000a2e00000|100%| E|CS|TAMS 0x00000000a2d00000, 0x00000000a2d00000| Complete 
| 558|0x00000000a2e00000, 0x00000000a2f00000, 0x00000000a2f00000|100%| E|CS|TAMS 0x00000000a2e00000, 0x00000000a2e00000| Complete 
| 559|0x00000000a2f00000, 0x00000000a3000000, 0x00000000a3000000|100%| E|CS|TAMS 0x00000000a2f00000, 0x00000000a2f00000| Complete 
| 560|0x00000000a3000000, 0x00000000a3100000, 0x00000000a3100000|100%| E|CS|TAMS 0x00000000a3000000, 0x00000000a3000000| Complete 
| 561|0x00000000a3100000, 0x00000000a3200000, 0x00000000a3200000|100%| E|  |TAMS 0x00000000a3100000, 0x00000000a3100000| Complete 
| 562|0x00000000a3200000, 0x00000000a3300000, 0x00000000a3300000|100%| E|CS|TAMS 0x00000000a3200000, 0x00000000a3200000| Complete 
| 563|0x00000000a3300000, 0x00000000a3400000, 0x00000000a3400000|100%| E|CS|TAMS 0x00000000a3300000, 0x00000000a3300000| Complete 
| 564|0x00000000a3400000, 0x00000000a3500000, 0x00000000a3500000|100%| E|CS|TAMS 0x00000000a3400000, 0x00000000a3400000| Complete 
| 565|0x00000000a3500000, 0x00000000a3600000, 0x00000000a3600000|100%| E|CS|TAMS 0x00000000a3500000, 0x00000000a3500000| Complete 
| 566|0x00000000a3600000, 0x00000000a3700000, 0x00000000a3700000|100%| E|CS|TAMS 0x00000000a3600000, 0x00000000a3600000| Complete 
| 567|0x00000000a3700000, 0x00000000a3800000, 0x00000000a3800000|100%| E|CS|TAMS 0x00000000a3700000, 0x00000000a3700000| Complete 
| 568|0x00000000a3800000, 0x00000000a3900000, 0x00000000a3900000|100%| E|CS|TAMS 0x00000000a3800000, 0x00000000a3800000| Complete 
| 569|0x00000000a3900000, 0x00000000a3a00000, 0x00000000a3a00000|100%| E|CS|TAMS 0x00000000a3900000, 0x00000000a3900000| Complete 
| 570|0x00000000a3a00000, 0x00000000a3b00000, 0x00000000a3b00000|100%| E|CS|TAMS 0x00000000a3a00000, 0x00000000a3a00000| Complete 
| 571|0x00000000a3b00000, 0x00000000a3c00000, 0x00000000a3c00000|100%| E|CS|TAMS 0x00000000a3b00000, 0x00000000a3b00000| Complete 
| 572|0x00000000a3c00000, 0x00000000a3d00000, 0x00000000a3d00000|100%| E|CS|TAMS 0x00000000a3c00000, 0x00000000a3c00000| Complete 
| 573|0x00000000a3d00000, 0x00000000a3e00000, 0x00000000a3e00000|100%| E|CS|TAMS 0x00000000a3d00000, 0x00000000a3d00000| Complete 
| 574|0x00000000a3e00000, 0x00000000a3f00000, 0x00000000a3f00000|100%| E|CS|TAMS 0x00000000a3e00000, 0x00000000a3e00000| Complete 
| 575|0x00000000a3f00000, 0x00000000a4000000, 0x00000000a4000000|100%| E|CS|TAMS 0x00000000a3f00000, 0x00000000a3f00000| Complete 
| 576|0x00000000a4000000, 0x00000000a4100000, 0x00000000a4100000|100%| E|CS|TAMS 0x00000000a4000000, 0x00000000a4000000| Complete 
| 577|0x00000000a4100000, 0x00000000a4200000, 0x00000000a4200000|100%| E|CS|TAMS 0x00000000a4100000, 0x00000000a4100000| Complete 
| 578|0x00000000a4200000, 0x00000000a4300000, 0x00000000a4300000|100%| E|CS|TAMS 0x00000000a4200000, 0x00000000a4200000| Complete 
| 579|0x00000000a4300000, 0x00000000a4400000, 0x00000000a4400000|100%| E|CS|TAMS 0x00000000a4300000, 0x00000000a4300000| Complete 
| 580|0x00000000a4400000, 0x00000000a4500000, 0x00000000a4500000|100%| E|CS|TAMS 0x00000000a4400000, 0x00000000a4400000| Complete 
| 581|0x00000000a4500000, 0x00000000a4600000, 0x00000000a4600000|100%| E|CS|TAMS 0x00000000a4500000, 0x00000000a4500000| Complete 
| 582|0x00000000a4600000, 0x00000000a4700000, 0x00000000a4700000|100%| E|CS|TAMS 0x00000000a4600000, 0x00000000a4600000| Complete 
| 583|0x00000000a4700000, 0x00000000a4800000, 0x00000000a4800000|100%| E|CS|TAMS 0x00000000a4700000, 0x00000000a4700000| Complete 
| 584|0x00000000a4800000, 0x00000000a4900000, 0x00000000a4900000|100%| E|CS|TAMS 0x00000000a4800000, 0x00000000a4800000| Complete 

Card table byte_map: [0x0000024732eb0000,0x00000247332b0000] _byte_map_base: 0x0000024732ab0000

Marking Bits (Prev, Next): (CMBitMap*) 0x000002471ba7f380, (CMBitMap*) 0x000002471ba7f3c0
 Prev Bits: [0x00000247336b0000, 0x00000247356b0000)
 Next Bits: [0x00000247356b0000, 0x00000247376b0000)

Polling page: 0x0000024719ab0000

Metaspace:

Usage:
  Non-class:    140.39 MB used.
      Class:     22.15 MB used.
       Both:    162.54 MB used.

Virtual space:
  Non-class space:      192.00 MB reserved,     141.56 MB ( 74%) committed,  3 nodes.
      Class space:      416.00 MB reserved,      23.12 MB (  6%) committed,  1 nodes.
             Both:      608.00 MB reserved,     164.69 MB ( 27%) committed. 

Chunk freelists:
   Non-Class:  1.70 MB
       Class:  8.78 MB
        Both:  10.48 MB

MaxMetaspaceSize: 512.00 MB
CompressedClassSpaceSize: 416.00 MB
Initial GC threshold: 21.00 MB
Current GC threshold: 237.44 MB
CDS: on
MetaspaceReclaimPolicy: balanced
 - commit_granule_bytes: 65536.
 - commit_granule_words: 8192.
 - virtual_space_node_default_size: 8388608.
 - enlarge_chunks_in_place: 1.
 - new_chunks_are_fully_committed: 0.
 - uncommit_free_chunks: 1.
 - use_allocation_guard: 0.
 - handle_deallocations: 1.


Internal statistics:

num_allocs_failed_limit: 15.
num_arena_births: 2964.
num_arena_deaths: 0.
num_vsnodes_births: 4.
num_vsnodes_deaths: 0.
num_space_committed: 2634.
num_space_uncommitted: 0.
num_chunks_returned_to_freelist: 15.
num_chunks_taken_from_freelist: 10820.
num_chunk_merges: 15.
num_chunk_splits: 6815.
num_chunks_enlarged: 4111.
num_inconsistent_stats: 0.

CodeHeap 'non-profiled nmethods': size=120000Kb used=17849Kb max_used=18391Kb free=102150Kb
 bounds [0x000002472b030000, 0x000002472c240000, 0x0000024732560000]
CodeHeap 'profiled nmethods': size=120000Kb used=46718Kb max_used=46916Kb free=73281Kb
 bounds [0x0000024723560000, 0x00000247263a0000, 0x000002472aa90000]
CodeHeap 'non-nmethods': size=5760Kb used=2528Kb max_used=2587Kb free=3232Kb
 bounds [0x000002472aa90000, 0x000002472ad20000, 0x000002472b030000]
 total_blobs=24783 nmethods=23704 adapters=990
 compilation: enabled
              stopped_count=0, restarted_count=0
 full_count=0

Compilation events (20 events):
Event: 50.199 Thread 0x000002473a32ff80 29729       3       com.android.tools.r8.synthesis.I::a (188 bytes)
Event: 50.199 Thread 0x000002473a32ff80 nmethod 29729 0x0000024725f9c910 code [0x0000024725f9cb00, 0x0000024725f9d038]
Event: 50.199 Thread 0x000002473a32ff80 29731       3       com.android.tools.r8.graph.h$$Lambda$5470/0x000002473d6d2c98::<init> (10 bytes)
Event: 50.200 Thread 0x000002473a32ff80 nmethod 29731 0x00000247236f0a90 code [0x00000247236f0c20, 0x00000247236f0dd8]
Event: 50.200 Thread 0x000002473a32ff80 29730       3       com.android.tools.r8.graph.W::<init> (5 bytes)
Event: 50.200 Thread 0x000002473a32ff80 nmethod 29730 0x0000024724a07410 code [0x0000024724a075a0, 0x0000024724a076f8]
Event: 50.200 Thread 0x000002473a32ff80 29732       3       com.android.tools.r8.graph.w4::f (122 bytes)
Event: 50.201 Thread 0x000002473a32ff80 nmethod 29732 0x00000247256f8490 code [0x00000247256f87e0, 0x00000247256f9ef8]
Event: 50.201 Thread 0x000002473a32ff80 29740       3       com.android.tools.r8.internal.Ed::a (80 bytes)
Event: 50.201 Thread 0x000002473a32ff80 nmethod 29740 0x0000024723e35890 code [0x0000024723e35aa0, 0x0000024723e360b8]
Event: 50.201 Thread 0x000002473a32ff80 29735       3       com.android.tools.r8.graph.h$$Lambda$5470/0x000002473d6d2c98::apply (14 bytes)
Event: 50.201 Thread 0x000002473a32ff80 nmethod 29735 0x00000247236f0590 code [0x00000247236f0740, 0x00000247236f0988]
Event: 50.201 Thread 0x000002473a32ff80 29742       3       com.android.tools.r8.graph.h::g (6 bytes)
Event: 50.201 Thread 0x000002473a32ff80 nmethod 29742 0x00000247236f0090 code [0x00000247236f0220, 0x00000247236f0368]
Event: 50.201 Thread 0x000002473a32ff80 29738       3       com.android.tools.r8.graph.w4$$Lambda$5526/0x000002473d6dadf0::<init> (10 bytes)
Event: 50.202 Thread 0x000002473a32ff80 nmethod 29738 0x0000024723e35490 code [0x0000024723e35620, 0x0000024723e357d8]
Event: 50.202 Thread 0x000002473a32ff80 29743       3       com.android.tools.r8.graph.B2::a (12 bytes)
Event: 50.202 Thread 0x000002473a32ff80 nmethod 29743 0x0000024723e34d10 code [0x0000024723e34ee0, 0x0000024723e352f8]
Event: 50.202 Thread 0x000002473a32ff80 29739       3       com.android.tools.r8.internal.w9::f (2 bytes)
Event: 51.199 Thread 0x000002473a32ff80 nmethod 29739 0x0000024723e34790 code [0x0000024723e34920, 0x0000024723e34a38]

GC Heap History (20 events):
Event: 41.829 GC heap before
{Heap before GC invocations=71 (full 0):
 garbage-first heap   total 599040K, used 489805K [0x0000000080000000, 0x0000000100000000)
  region size 1024K, 122 young (124928K), 17 survivors (17408K)
 Metaspace       used 146154K, committed 148096K, reserved 557056K
  class space    used 19348K, committed 20224K, reserved 425984K
}
Event: 41.854 GC heap after
{Heap after GC invocations=72 (full 0):
 garbage-first heap   total 599040K, used 389128K [0x0000000080000000, 0x0000000100000000)
  region size 1024K, 6 young (6144K), 6 survivors (6144K)
 Metaspace       used 146154K, committed 148096K, reserved 557056K
  class space    used 19348K, committed 20224K, reserved 425984K
}
Event: 43.112 GC heap before
{Heap before GC invocations=72 (full 0):
 garbage-first heap   total 599040K, used 502792K [0x0000000080000000, 0x0000000100000000)
  region size 1024K, 112 young (114688K), 6 survivors (6144K)
 Metaspace       used 146602K, committed 148480K, reserved 557056K
  class space    used 19369K, committed 20224K, reserved 425984K
}
Event: 43.125 GC heap after
{Heap after GC invocations=73 (full 0):
 garbage-first heap   total 599040K, used 401947K [0x0000000080000000, 0x0000000100000000)
  region size 1024K, 14 young (14336K), 14 survivors (14336K)
 Metaspace       used 146602K, committed 148480K, reserved 557056K
  class space    used 19369K, committed 20224K, reserved 425984K
}
Event: 45.305 GC heap before
{Heap before GC invocations=73 (full 0):
 garbage-first heap   total 599040K, used 502299K [0x0000000080000000, 0x0000000100000000)
  region size 1024K, 111 young (113664K), 14 survivors (14336K)
 Metaspace       used 149523K, committed 151488K, reserved 557056K
  class space    used 19745K, committed 20608K, reserved 425984K
}
Event: 45.323 GC heap after
{Heap after GC invocations=74 (full 0):
 garbage-first heap   total 599040K, used 408519K [0x0000000080000000, 0x0000000100000000)
  region size 1024K, 13 young (13312K), 13 survivors (13312K)
 Metaspace       used 149523K, committed 151488K, reserved 557056K
  class space    used 19745K, committed 20608K, reserved 425984K
}
Event: 46.167 GC heap before
{Heap before GC invocations=74 (full 0):
 garbage-first heap   total 599040K, used 511943K [0x0000000080000000, 0x0000000100000000)
  region size 1024K, 105 young (107520K), 13 survivors (13312K)
 Metaspace       used 150885K, committed 152896K, reserved 622592K
  class space    used 19902K, committed 20800K, reserved 425984K
}
Event: 46.178 GC heap after
{Heap after GC invocations=75 (full 0):
 garbage-first heap   total 599040K, used 417243K [0x0000000080000000, 0x0000000100000000)
  region size 1024K, 6 young (6144K), 6 survivors (6144K)
 Metaspace       used 150885K, committed 152896K, reserved 622592K
  class space    used 19902K, committed 20800K, reserved 425984K
}
Event: 47.095 GC heap before
{Heap before GC invocations=75 (full 0):
 garbage-first heap   total 599040K, used 512475K [0x0000000080000000, 0x0000000100000000)
  region size 1024K, 94 young (96256K), 6 survivors (6144K)
 Metaspace       used 151331K, committed 153472K, reserved 622592K
  class space    used 19933K, committed 20864K, reserved 425984K
}
Event: 47.103 GC heap after
{Heap after GC invocations=76 (full 0):
 garbage-first heap   total 599040K, used 418140K [0x0000000080000000, 0x0000000100000000)
  region size 1024K, 9 young (9216K), 9 survivors (9216K)
 Metaspace       used 151331K, committed 153472K, reserved 622592K
  class space    used 19933K, committed 20864K, reserved 425984K
}
Event: 47.981 GC heap before
{Heap before GC invocations=76 (full 0):
 garbage-first heap   total 599040K, used 513372K [0x0000000080000000, 0x0000000100000000)
  region size 1024K, 97 young (99328K), 9 survivors (9216K)
 Metaspace       used 151731K, committed 153792K, reserved 622592K
  class space    used 19961K, committed 20864K, reserved 425984K
}
Event: 47.990 GC heap after
{Heap after GC invocations=77 (full 0):
 garbage-first heap   total 599040K, used 418415K [0x0000000080000000, 0x0000000100000000)
  region size 1024K, 5 young (5120K), 5 survivors (5120K)
 Metaspace       used 151731K, committed 153792K, reserved 622592K
  class space    used 19961K, committed 20864K, reserved 425984K
}
Event: 48.568 GC heap before
{Heap before GC invocations=77 (full 0):
 garbage-first heap   total 599040K, used 509551K [0x0000000080000000, 0x0000000100000000)
  region size 1024K, 95 young (97280K), 5 survivors (5120K)
 Metaspace       used 152769K, committed 154880K, reserved 622592K
  class space    used 20105K, committed 21056K, reserved 425984K
}
Event: 48.576 GC heap after
{Heap after GC invocations=78 (full 0):
 garbage-first heap   total 599040K, used 418081K [0x0000000080000000, 0x0000000100000000)
  region size 1024K, 7 young (7168K), 7 survivors (7168K)
 Metaspace       used 152769K, committed 154880K, reserved 622592K
  class space    used 20105K, committed 21056K, reserved 425984K
}
Event: 49.105 GC heap before
{Heap before GC invocations=78 (full 0):
 garbage-first heap   total 599040K, used 511265K [0x0000000080000000, 0x0000000100000000)
  region size 1024K, 99 young (101376K), 7 survivors (7168K)
 Metaspace       used 155115K, committed 157312K, reserved 622592K
  class space    used 20472K, committed 21440K, reserved 425984K
}
Event: 49.113 GC heap after
{Heap after GC invocations=79 (full 0):
 garbage-first heap   total 599040K, used 422344K [0x0000000080000000, 0x0000000100000000)
  region size 1024K, 11 young (11264K), 11 survivors (11264K)
 Metaspace       used 155115K, committed 157312K, reserved 622592K
  class space    used 20472K, committed 21440K, reserved 425984K
}
Event: 49.532 GC heap before
{Heap before GC invocations=79 (full 0):
 garbage-first heap   total 599040K, used 513480K [0x0000000080000000, 0x0000000100000000)
  region size 1024K, 101 young (103424K), 11 survivors (11264K)
 Metaspace       used 158350K, committed 160448K, reserved 622592K
  class space    used 21027K, committed 21952K, reserved 425984K
}
Event: 49.552 GC heap after
{Heap after GC invocations=80 (full 0):
 garbage-first heap   total 599040K, used 426627K [0x0000000080000000, 0x0000000100000000)
  region size 1024K, 11 young (11264K), 11 survivors (11264K)
 Metaspace       used 158350K, committed 160448K, reserved 622592K
  class space    used 21027K, committed 21952K, reserved 425984K
}
Event: 50.178 GC heap before
{Heap before GC invocations=80 (full 0):
 garbage-first heap   total 599040K, used 515715K [0x0000000080000000, 0x0000000100000000)
  region size 1024K, 100 young (102400K), 11 survivors (11264K)
 Metaspace       used 165625K, committed 167808K, reserved 622592K
  class space    used 22530K, committed 23488K, reserved 425984K
}
Event: 50.193 GC heap after
{Heap after GC invocations=81 (full 0):
 garbage-first heap   total 599040K, used 432875K [0x0000000080000000, 0x0000000100000000)
  region size 1024K, 13 young (13312K), 13 survivors (13312K)
 Metaspace       used 165625K, committed 167808K, reserved 622592K
  class space    used 22530K, committed 23488K, reserved 425984K
}

Dll operation events (16 events):
Event: 0.055 Loaded shared library C:\Program Files\Microsoft\jdk-17.0.15.6-hotspot\bin\java.dll
Event: 0.075 Loaded shared library C:\Program Files\Microsoft\jdk-17.0.15.6-hotspot\bin\jsvml.dll
Event: 0.113 Loaded shared library C:\Program Files\Microsoft\jdk-17.0.15.6-hotspot\bin\zip.dll
Event: 0.125 Loaded shared library C:\Program Files\Microsoft\jdk-17.0.15.6-hotspot\bin\instrument.dll
Event: 0.129 Loaded shared library C:\Program Files\Microsoft\jdk-17.0.15.6-hotspot\bin\net.dll
Event: 0.130 Loaded shared library C:\Program Files\Microsoft\jdk-17.0.15.6-hotspot\bin\nio.dll
Event: 0.132 Loaded shared library C:\Program Files\Microsoft\jdk-17.0.15.6-hotspot\bin\zip.dll
Event: 0.351 Loaded shared library C:\Program Files\Microsoft\jdk-17.0.15.6-hotspot\bin\jimage.dll
Event: 0.668 Loaded shared library C:\Program Files\Microsoft\jdk-17.0.15.6-hotspot\bin\verify.dll
Event: 0.778 Loaded shared library C:\Users\Bikra\.gradle\native\1def1411415f61bf3af743bc5b6707747c0891f09f0c88961ee8f79bc544acac\windows-amd64\native-platform.dll
Event: 0.791 Loaded shared library C:\Users\Bikra\.gradle\native\0.2.7\x86_64-windows-gnu\gradle-fileevents.dll
Event: 1.575 Loaded shared library C:\Program Files\Microsoft\jdk-17.0.15.6-hotspot\bin\management.dll
Event: 1.578 Loaded shared library C:\Program Files\Microsoft\jdk-17.0.15.6-hotspot\bin\management_ext.dll
Event: 1.777 Loaded shared library C:\Program Files\Microsoft\jdk-17.0.15.6-hotspot\bin\extnet.dll
Event: 1.944 Loaded shared library C:\Program Files\Microsoft\jdk-17.0.15.6-hotspot\bin\sunmscapi.dll
Event: 45.456 Loaded shared library C:\Program Files\Microsoft\jdk-17.0.15.6-hotspot\bin\rmi.dll

Deoptimization events (20 events):
Event: 50.161 Thread 0x000002475f6f3620 DEOPT PACKING pc=0x000002472b360100 sp=0x0000004b090f9790
Event: 50.161 Thread 0x000002475f6f3620 DEOPT UNPACKING pc=0x000002472aae69a3 sp=0x0000004b090f96c8 mode 2
Event: 50.173 Thread 0x000002475f6f68c0 Uncommon trap: trap_request=0xffffff45 fr.pc=0x000002472bd2a204 relative=0x0000000000000084
Event: 50.173 Thread 0x000002475f6f5990 Uncommon trap: trap_request=0xffffff45 fr.pc=0x000002472bd2a204 relative=0x0000000000000084
Event: 50.173 Thread 0x000002475f6f68c0 Uncommon trap: reason=unstable_if action=reinterpret pc=0x000002472bd2a204 method=com.android.tools.r8.internal.ZA.a(I)Z @ 45 c2
Event: 50.173 Thread 0x000002475f6f5990 Uncommon trap: reason=unstable_if action=reinterpret pc=0x000002472bd2a204 method=com.android.tools.r8.internal.ZA.a(I)Z @ 45 c2
Event: 50.173 Thread 0x000002475f6f68c0 DEOPT PACKING pc=0x000002472bd2a204 sp=0x0000004b08ef8a20
Event: 50.173 Thread 0x000002475f6f68c0 DEOPT UNPACKING pc=0x000002472aae69a3 sp=0x0000004b08ef89b0 mode 2
Event: 50.173 Thread 0x000002475f6f5990 DEOPT PACKING pc=0x000002472bd2a204 sp=0x0000004b091f9cf0
Event: 50.173 Thread 0x000002475f6f5990 DEOPT UNPACKING pc=0x000002472aae69a3 sp=0x0000004b091f9c80 mode 2
Event: 50.195 Thread 0x000002475f6f6dd0 Uncommon trap: trap_request=0xffffffde fr.pc=0x000002472b51d284 relative=0x0000000000000064
Event: 50.195 Thread 0x000002475f6f6dd0 Uncommon trap: reason=class_check action=maybe_recompile pc=0x000002472b51d284 method=java.lang.invoke.Invokers$Holder.linkToTargetMethod(Ljava/lang/Object;Ljava/lang/Object;Ljava/lang/Object;Ljava/lang/Object;Ljava/lang/Object;)Ljava/lang/Object; @ 2 c2
Event: 50.195 Thread 0x000002475f6f6dd0 DEOPT PACKING pc=0x000002472b51d284 sp=0x0000004b095f93a0
Event: 50.196 Thread 0x000002475f6f6dd0 DEOPT UNPACKING pc=0x000002472aae69a3 sp=0x0000004b095f9328 mode 2
Event: 50.196 Thread 0x000002475f6f72e0 Uncommon trap: trap_request=0xffffffde fr.pc=0x000002472b51d284 relative=0x0000000000000064
Event: 50.196 Thread 0x000002475f6f72e0 Uncommon trap: reason=class_check action=maybe_recompile pc=0x000002472b51d284 method=java.lang.invoke.Invokers$Holder.linkToTargetMethod(Ljava/lang/Object;Ljava/lang/Object;Ljava/lang/Object;Ljava/lang/Object;Ljava/lang/Object;)Ljava/lang/Object; @ 2 c2
Event: 50.196 Thread 0x000002475f6f72e0 DEOPT PACKING pc=0x000002472b51d284 sp=0x0000004b096f9920
Event: 50.196 Thread 0x000002475f6f72e0 DEOPT UNPACKING pc=0x000002472aae69a3 sp=0x0000004b096f98a8 mode 2
Event: 50.242 Thread 0x000002475f6f5480 Uncommon trap: trap_request=0xffffffde fr.pc=0x000002472b51d284 relative=0x0000000000000064
Event: 51.199 Thread 0x000002475f6f5480 Uncommon trap: reason=class_check action=maybe_recompile pc=0x000002472b51d284 method=java.lang.invoke.Invokers$Holder.linkToTargetMethod(Ljava/lang/Object;Ljava/lang/Object;Ljava/lang/Object;Ljava/lang/Object;Ljava/lang/Object;)Ljava/lang/Object; @ 2 c2

Classes loaded (20 events):
Event: 48.435 Loading class sun/nio/fs/WindowsFileSystem$2
Event: 48.436 Loading class sun/nio/fs/WindowsFileSystem$2 done
Event: 48.544 Loading class java/util/zip/ZipInputStream
Event: 48.544 Loading class java/util/zip/ZipInputStream done
Event: 48.589 Loading class java/util/concurrent/Executors$DelegatedScheduledExecutorService
Event: 48.590 Loading class java/util/concurrent/Executors$DelegatedExecutorService
Event: 48.590 Loading class java/util/concurrent/Executors$DelegatedExecutorService done
Event: 48.590 Loading class java/util/concurrent/Executors$DelegatedScheduledExecutorService done
Event: 48.974 Loading class java/util/concurrent/RejectedExecutionException
Event: 48.977 Loading class java/util/concurrent/RejectedExecutionException done
Event: 49.778 Loading class java/nio/file/FileTreeIterator
Event: 49.780 Loading class java/nio/file/FileTreeIterator done
Event: 50.168 Loading class java/util/IdentityHashMap$ValueIterator
Event: 50.169 Loading class java/util/IdentityHashMap$ValueIterator done
Event: 50.172 Loading class java/util/IdentityHashMap$EntrySet
Event: 50.173 Loading class java/util/IdentityHashMap$EntrySet done
Event: 50.173 Loading class java/util/IdentityHashMap$EntryIterator
Event: 50.174 Loading class java/util/IdentityHashMap$EntryIterator done
Event: 50.174 Loading class java/util/IdentityHashMap$EntryIterator$Entry
Event: 50.174 Loading class java/util/IdentityHashMap$EntryIterator$Entry done

Classes unloaded (0 events):
No events

Classes redefined (0 events):
No events

Internal exceptions (20 events):
Event: 49.966 Thread 0x000002475f6f4040 Exception <a 'java/lang/NoSuchMethodError'{0x00000000a0c6a0a8}: 'java.lang.Object java.lang.invoke.DirectMethodHandle$Holder.invokeStatic(java.lang.Object, int, java.lang.Object, java.lang.Object)'> (0x00000000a0c6a0a8) 
thrown [s\src\hotspot\share\interpreter\linkResolver.cpp, line 759]
Event: 49.966 Thread 0x000002475f6f63b0 Exception <a 'java/lang/NoSuchMethodError'{0x00000000a0dd0340}: 'java.lang.Object java.lang.invoke.DirectMethodHandle$Holder.invokeStatic(java.lang.Object, int, java.lang.Object, java.lang.Object)'> (0x00000000a0dd0340) 
thrown [s\src\hotspot\share\interpreter\linkResolver.cpp, line 759]
Event: 49.966 Thread 0x000002475f6f3b30 Exception <a 'java/lang/NoSuchMethodError'{0x00000000a0c2e858}: 'java.lang.Object java.lang.invoke.DirectMethodHandle$Holder.invokeStatic(java.lang.Object, int, java.lang.Object, java.lang.Object)'> (0x00000000a0c2e858) 
thrown [s\src\hotspot\share\interpreter\linkResolver.cpp, line 759]
Event: 49.966 Thread 0x000002475f6f77f0 Exception <a 'java/lang/NoSuchMethodError'{0x00000000a0c93da8}: 'java.lang.Object java.lang.invoke.DirectMethodHandle$Holder.invokeStatic(java.lang.Object, int, java.lang.Object, java.lang.Object)'> (0x00000000a0c93da8) 
thrown [s\src\hotspot\share\interpreter\linkResolver.cpp, line 759]
Event: 49.966 Thread 0x000002475f6f5990 Exception <a 'java/lang/NoSuchMethodError'{0x00000000a0b1e5b0}: 'java.lang.Object java.lang.invoke.DirectMethodHandle$Holder.invokeStatic(java.lang.Object, int, java.lang.Object, java.lang.Object)'> (0x00000000a0b1e5b0) 
thrown [s\src\hotspot\share\interpreter\linkResolver.cpp, line 759]
Event: 49.966 Thread 0x000002475f6f5480 Exception <a 'java/lang/NoSuchMethodError'{0x00000000a0c75fe0}: 'java.lang.Object java.lang.invoke.DirectMethodHandle$Holder.invokeStatic(java.lang.Object, int, java.lang.Object, java.lang.Object)'> (0x00000000a0c75fe0) 
thrown [s\src\hotspot\share\interpreter\linkResolver.cpp, line 759]
Event: 49.969 Thread 0x000002475f6f3620 Exception <a 'java/lang/NoSuchMethodError'{0x00000000a0ba33e0}: 'java.lang.Object java.lang.invoke.DirectMethodHandle$Holder.invokeStatic(java.lang.Object, java.lang.Object, int, java.lang.Object, java.lang.Object)'> (0x00000000a0ba33e0) 
thrown [s\src\hotspot\share\interpreter\linkResolver.cpp, line 759]
Event: 49.970 Thread 0x000002475f6f72e0 Exception <a 'java/lang/NoSuchMethodError'{0x00000000a0cc5548}: 'java.lang.Object java.lang.invoke.DirectMethodHandle$Holder.invokeStatic(java.lang.Object, java.lang.Object, int, java.lang.Object, java.lang.Object)'> (0x00000000a0cc5548) 
thrown [s\src\hotspot\share\interpreter\linkResolver.cpp, line 759]
Event: 49.970 Thread 0x000002475f6f3b30 Exception <a 'java/lang/NoSuchMethodError'{0x00000000a0b596b8}: 'java.lang.Object java.lang.invoke.DirectMethodHandle$Holder.invokeStatic(java.lang.Object, java.lang.Object, int, java.lang.Object, java.lang.Object)'> (0x00000000a0b596b8) 
thrown [s\src\hotspot\share\interpreter\linkResolver.cpp, line 759]
Event: 49.970 Thread 0x000002475f6f63b0 Exception <a 'java/lang/NoSuchMethodError'{0x00000000a0b3f9d0}: 'java.lang.Object java.lang.invoke.DirectMethodHandle$Holder.invokeStatic(java.lang.Object, java.lang.Object, int, java.lang.Object, java.lang.Object)'> (0x00000000a0b3f9d0) 
thrown [s\src\hotspot\share\interpreter\linkResolver.cpp, line 759]
Event: 49.970 Thread 0x000002475f6f68c0 Exception <a 'java/lang/NoSuchMethodError'{0x00000000a0bb3e58}: 'java.lang.Object java.lang.invoke.DirectMethodHandle$Holder.invokeStatic(java.lang.Object, java.lang.Object, int, java.lang.Object, java.lang.Object)'> (0x00000000a0bb3e58) 
thrown [s\src\hotspot\share\interpreter\linkResolver.cpp, line 759]
Event: 49.970 Thread 0x000002475f6f6dd0 Exception <a 'java/lang/NoSuchMethodError'{0x00000000a0ce15e8}: 'java.lang.Object java.lang.invoke.DirectMethodHandle$Holder.invokeStatic(java.lang.Object, java.lang.Object, int, java.lang.Object, java.lang.Object)'> (0x00000000a0ce15e8) 
thrown [s\src\hotspot\share\interpreter\linkResolver.cpp, line 759]
Event: 49.970 Thread 0x000002475f6f5ea0 Exception <a 'java/lang/NoSuchMethodError'{0x00000000a0b6d000}: 'java.lang.Object java.lang.invoke.DirectMethodHandle$Holder.invokeStatic(java.lang.Object, java.lang.Object, int, java.lang.Object, java.lang.Object)'> (0x00000000a0b6d000) 
thrown [s\src\hotspot\share\interpreter\linkResolver.cpp, line 759]
Event: 49.970 Thread 0x000002475f6f5990 Exception <a 'java/lang/NoSuchMethodError'{0x00000000a0bca880}: 'java.lang.Object java.lang.invoke.DirectMethodHandle$Holder.invokeStatic(java.lang.Object, java.lang.Object, int, java.lang.Object, java.lang.Object)'> (0x00000000a0bca880) 
thrown [s\src\hotspot\share\interpreter\linkResolver.cpp, line 759]
Event: 49.970 Thread 0x000002475f6f4040 Exception <a 'java/lang/NoSuchMethodError'{0x00000000a0b99610}: 'java.lang.Object java.lang.invoke.DirectMethodHandle$Holder.invokeStatic(java.lang.Object, java.lang.Object, int, java.lang.Object, java.lang.Object)'> (0x00000000a0b99610) 
thrown [s\src\hotspot\share\interpreter\linkResolver.cpp, line 759]
Event: 49.970 Thread 0x000002475f6f5480 Exception <a 'java/lang/NoSuchMethodError'{0x00000000a0c89840}: 'java.lang.Object java.lang.invoke.DirectMethodHandle$Holder.invokeStatic(java.lang.Object, java.lang.Object, int, java.lang.Object, java.lang.Object)'> (0x00000000a0c89840) 
thrown [s\src\hotspot\share\interpreter\linkResolver.cpp, line 759]
Event: 49.970 Thread 0x000002475f6f77f0 Exception <a 'java/lang/NoSuchMethodError'{0x00000000a0b86680}: 'java.lang.Object java.lang.invoke.DirectMethodHandle$Holder.invokeStatic(java.lang.Object, java.lang.Object, int, java.lang.Object, java.lang.Object)'> (0x00000000a0b86680) 
thrown [s\src\hotspot\share\interpreter\linkResolver.cpp, line 759]
Event: 50.104 Thread 0x000002475f6f3b30 Exception <a 'java/lang/NoSuchMethodError'{0x000000009fcbf8f8}: 'void java.lang.invoke.DirectMethodHandle$Holder.invokeSpecial(java.lang.Object, java.lang.Object, java.lang.Object, java.lang.Object, int)'> (0x000000009fcbf8f8) 
thrown [s\src\hotspot\share\interpreter\linkResolver.cpp, line 759]
Event: 50.104 Thread 0x000002475f6f5990 Exception <a 'java/lang/NoSuchMethodError'{0x000000009fcf5620}: 'void java.lang.invoke.DirectMethodHandle$Holder.invokeSpecial(java.lang.Object, java.lang.Object, java.lang.Object, java.lang.Object, int)'> (0x000000009fcf5620) 
thrown [s\src\hotspot\share\interpreter\linkResolver.cpp, line 759]
Event: 50.104 Thread 0x000002475f6f4040 Exception <a 'java/lang/NoSuchMethodError'{0x000000009fb65750}: 'void java.lang.invoke.DirectMethodHandle$Holder.invokeSpecial(java.lang.Object, java.lang.Object, java.lang.Object, java.lang.Object, int)'> (0x000000009fb65750) 
thrown [s\src\hotspot\share\interpreter\linkResolver.cpp, line 759]

VM Operations (20 events):
Event: 49.552 Executing VM operation: G1CollectForAllocation done
Event: 49.682 Executing VM operation: HandshakeAllThreads
Event: 49.683 Executing VM operation: HandshakeAllThreads done
Event: 49.760 Executing VM operation: HandshakeAllThreads
Event: 49.761 Executing VM operation: HandshakeAllThreads done
Event: 49.766 Executing VM operation: HandshakeAllThreads
Event: 49.767 Executing VM operation: HandshakeAllThreads done
Event: 49.767 Executing VM operation: HandshakeAllThreads
Event: 49.767 Executing VM operation: HandshakeAllThreads done
Event: 49.816 Executing VM operation: HandshakeAllThreads
Event: 49.816 Executing VM operation: HandshakeAllThreads done
Event: 50.101 Executing VM operation: HandshakeAllThreads
Event: 50.101 Executing VM operation: HandshakeAllThreads done
Event: 50.117 Executing VM operation: HandshakeAllThreads
Event: 50.117 Executing VM operation: HandshakeAllThreads done
Event: 50.177 Executing VM operation: G1CollectForAllocation
Event: 50.177 Executing VM operation: G1CollectForAllocation done
Event: 50.177 Executing VM operation: G1CollectForAllocation
Event: 50.194 Executing VM operation: G1CollectForAllocation done
Event: 51.194 Executing VM operation: Cleanup

Memory protections (0 events):
No events

Nmethod flushes (20 events):
Event: 49.769 Thread 0x000002473a31a5b0 flushing osr nmethod 0x000002472b3e0710
Event: 49.770 Thread 0x000002473a31a5b0 flushing osr nmethod 0x000002472b43f110
Event: 49.771 Thread 0x000002473a31a5b0 flushing  nmethod 0x000002472b505990
Event: 49.771 Thread 0x000002473a31a5b0 flushing  nmethod 0x000002472b50a110
Event: 49.772 Thread 0x000002473a31a5b0 flushing  nmethod 0x000002472b69ba10
Event: 49.773 Thread 0x000002473a31a5b0 flushing  nmethod 0x000002472b901090
Event: 49.774 Thread 0x000002473a31a5b0 flushing  nmethod 0x000002472b914710
Event: 49.774 Thread 0x000002473a31a5b0 flushing  nmethod 0x000002472b980a10
Event: 49.776 Thread 0x000002473a31a5b0 flushing  nmethod 0x000002472bae0910
Event: 49.776 Thread 0x000002473a31a5b0 flushing  nmethod 0x000002472bae5b90
Event: 49.776 Thread 0x000002473a31a5b0 flushing  nmethod 0x000002472bb0de90
Event: 49.776 Thread 0x000002473a31a5b0 flushing  nmethod 0x000002472bb3b490
Event: 49.778 Thread 0x000002473a31a5b0 flushing  nmethod 0x000002472bc26310
Event: 49.778 Thread 0x000002473a31a5b0 flushing  nmethod 0x000002472bd10c90
Event: 49.780 Thread 0x000002473a31a5b0 flushing osr nmethod 0x000002472bee3010
Event: 49.781 Thread 0x000002473a31a5b0 flushing  nmethod 0x000002472c054190
Event: 49.781 Thread 0x000002473a31a5b0 flushing  nmethod 0x000002472c05cd90
Event: 49.784 Thread 0x000002473a31a5b0 flushing  nmethod 0x00000247237e1690
Event: 49.791 Thread 0x000002473a31a5b0 flushing  nmethod 0x0000024723d99210
Event: 49.797 Thread 0x000002473a31a5b0 flushing  nmethod 0x00000247241f2790

Events (20 events):
Event: 45.180 Thread 0x000002475c845d80 Thread added: 0x000002475f498d30
Event: 45.349 Thread 0x000002475c845d80 Thread exited: 0x000002475c845d80
Event: 45.349 Thread 0x000002475f498d30 Thread exited: 0x000002475f498d30
Event: 45.351 Thread 0x000002473a32ff80 Thread added: 0x000002476692bbe0
Event: 45.442 Thread 0x0000024760793f70 Thread added: 0x0000024767333230
Event: 45.451 Thread 0x0000024760793f70 Thread added: 0x0000024767332810
Event: 45.460 Thread 0x0000024760793f70 Thread added: 0x0000024767332300
Event: 45.486 Thread 0x000002473a32ff80 Thread added: 0x000002475ec37060
Event: 45.597 Thread 0x0000024760793f70 Thread added: 0x00000247698220a0
Event: 45.597 Thread 0x0000024760793f70 Thread added: 0x0000024769821b90
Event: 45.675 Thread 0x00000247698220a0 Thread added: 0x0000024765af3a60
Event: 45.723 Thread 0x000002475f6f77f0 Thread added: 0x0000024768469180
Event: 46.182 Thread 0x0000024767332810 Thread exited: 0x0000024767332810
Event: 46.248 Thread 0x000002475f6f63b0 Thread added: 0x00000247673318e0
Event: 47.154 Thread 0x000002475f6f5ea0 Thread added: 0x000002475fbf5360
Event: 47.606 Thread 0x000002475f6f6dd0 Thread added: 0x0000024768b46a30
Event: 48.294 Thread 0x000002475f6f3110 Thread added: 0x0000024769821680
Event: 48.592 Thread 0x0000024768b47e70 Thread added: 0x000002476078ee70
Event: 49.440 Thread 0x0000024768b47e70 Thread added: 0x0000024769820750
Event: 49.440 Thread 0x0000024768b47e70 Thread added: 0x0000024769820c60


Dynamic libraries:
0x00007ff6cdef0000 - 0x00007ff6cdefe000 	C:\Program Files\Microsoft\jdk-17.0.15.6-hotspot\bin\java.exe
0x00007ffa65d20000 - 0x00007ffa65f88000 	C:\WINDOWS\SYSTEM32\ntdll.dll
0x00007ffa644d0000 - 0x00007ffa64599000 	C:\WINDOWS\System32\KERNEL32.DLL
0x00007ffa62ea0000 - 0x00007ffa6328d000 	C:\WINDOWS\System32\KERNELBASE.dll
0x00007ffa63600000 - 0x00007ffa6374b000 	C:\WINDOWS\System32\ucrtbase.dll
0x00007ffa4c2c0000 - 0x00007ffa4c2d7000 	C:\Program Files\Microsoft\jdk-17.0.15.6-hotspot\bin\jli.dll
0x00007ffa4c330000 - 0x00007ffa4c34d000 	C:\Program Files\Microsoft\jdk-17.0.15.6-hotspot\bin\VCRUNTIME140.dll
0x00007ffa65770000 - 0x00007ffa6593c000 	C:\WINDOWS\System32\USER32.dll
0x00007ffa4cf40000 - 0x00007ffa4d1da000 	C:\WINDOWS\WinSxS\amd64_microsoft.windows.common-controls_6595b64144ccf1df_6.0.26100.4484_none_3e0e6d4ce32ef3b3\COMCTL32.dll
0x00007ffa62e70000 - 0x00007ffa62e97000 	C:\WINDOWS\System32\win32u.dll
0x00007ffa64820000 - 0x00007ffa648c9000 	C:\WINDOWS\System32\msvcrt.dll
0x00007ffa644a0000 - 0x00007ffa644cb000 	C:\WINDOWS\System32\GDI32.dll
0x00007ffa63410000 - 0x00007ffa63547000 	C:\WINDOWS\System32\gdi32full.dll
0x00007ffa63550000 - 0x00007ffa635f3000 	C:\WINDOWS\System32\msvcp_win.dll
0x00007ffa64460000 - 0x00007ffa6448f000 	C:\WINDOWS\System32\IMM32.DLL
0x00007ffa50f00000 - 0x00007ffa50f0c000 	C:\Program Files\Microsoft\jdk-17.0.15.6-hotspot\bin\vcruntime140_1.dll
0x00007ffa2f7c0000 - 0x00007ffa2f84d000 	C:\Program Files\Microsoft\jdk-17.0.15.6-hotspot\bin\msvcp140.dll
0x00007ff9d1a30000 - 0x00007ff9d26a2000 	C:\Program Files\Microsoft\jdk-17.0.15.6-hotspot\bin\server\jvm.dll
0x00007ffa64290000 - 0x00007ffa64344000 	C:\WINDOWS\System32\ADVAPI32.dll
0x00007ffa645a0000 - 0x00007ffa64646000 	C:\WINDOWS\System32\sechost.dll
0x00007ffa65bc0000 - 0x00007ffa65cd8000 	C:\WINDOWS\System32\RPCRT4.dll
0x00007ffa643d0000 - 0x00007ffa64444000 	C:\WINDOWS\System32\WS2_32.dll
0x00007ffa62ce0000 - 0x00007ffa62d3e000 	C:\WINDOWS\SYSTEM32\POWRPROF.dll
0x00007ffa609f0000 - 0x00007ffa609fb000 	C:\WINDOWS\SYSTEM32\VERSION.dll
0x00007ffa553b0000 - 0x00007ffa553e5000 	C:\WINDOWS\SYSTEM32\WINMM.dll
0x00007ffa62cc0000 - 0x00007ffa62cd4000 	C:\WINDOWS\SYSTEM32\UMPDC.dll
0x00007ffa61c10000 - 0x00007ffa61c2b000 	C:\WINDOWS\SYSTEM32\kernel.appcore.dll
0x00007ffa50e20000 - 0x00007ffa50e2a000 	C:\Program Files\Microsoft\jdk-17.0.15.6-hotspot\bin\jimage.dll
0x00007ffa5a630000 - 0x00007ffa5a871000 	C:\WINDOWS\SYSTEM32\DBGHELP.DLL
0x00007ffa651f0000 - 0x00007ffa65576000 	C:\WINDOWS\System32\combase.dll
0x00007ffa64930000 - 0x00007ffa64a10000 	C:\WINDOWS\System32\OLEAUT32.dll
0x00007ffa4e010000 - 0x00007ffa4e053000 	C:\WINDOWS\SYSTEM32\dbgcore.DLL
0x00007ffa63810000 - 0x00007ffa638a9000 	C:\WINDOWS\System32\bcryptPrimitives.dll
0x00007ffa435b0000 - 0x00007ffa435be000 	C:\Program Files\Microsoft\jdk-17.0.15.6-hotspot\bin\instrument.dll
0x00007ffa4c290000 - 0x00007ffa4c2b5000 	C:\Program Files\Microsoft\jdk-17.0.15.6-hotspot\bin\java.dll
0x00007ffa1fe10000 - 0x00007ffa1fee6000 	C:\Program Files\Microsoft\jdk-17.0.15.6-hotspot\bin\jsvml.dll
0x00007ffa63b40000 - 0x00007ffa6428a000 	C:\WINDOWS\System32\SHELL32.dll
0x00007ffa63290000 - 0x00007ffa63404000 	C:\WINDOWS\System32\wintypes.dll
0x00007ffa60af0000 - 0x00007ffa6134b000 	C:\WINDOWS\SYSTEM32\windows.storage.dll
0x00007ffa64a20000 - 0x00007ffa64b15000 	C:\WINDOWS\System32\SHCORE.dll
0x00007ffa64cd0000 - 0x00007ffa64d3a000 	C:\WINDOWS\System32\shlwapi.dll
0x00007ffa62d80000 - 0x00007ffa62daf000 	C:\WINDOWS\SYSTEM32\profapi.dll
0x00007ffa47790000 - 0x00007ffa477a8000 	C:\Program Files\Microsoft\jdk-17.0.15.6-hotspot\bin\zip.dll
0x00007ffa47b30000 - 0x00007ffa47b4a000 	C:\Program Files\Microsoft\jdk-17.0.15.6-hotspot\bin\net.dll
0x00007ffa5c6d0000 - 0x00007ffa5c7ee000 	C:\WINDOWS\SYSTEM32\WINHTTP.dll
0x00007ffa621a0000 - 0x00007ffa6220a000 	C:\WINDOWS\system32\mswsock.dll
0x00007ffa478e0000 - 0x00007ffa478f6000 	C:\Program Files\Microsoft\jdk-17.0.15.6-hotspot\bin\nio.dll
0x00007ffa4ffd0000 - 0x00007ffa4ffe0000 	C:\Program Files\Microsoft\jdk-17.0.15.6-hotspot\bin\verify.dll
0x00007ffa2f850000 - 0x00007ffa2f877000 	C:\Users\Bikra\.gradle\native\1def1411415f61bf3af743bc5b6707747c0891f09f0c88961ee8f79bc544acac\windows-amd64\native-platform.dll
0x00007ffa2e8f0000 - 0x00007ffa2e968000 	C:\Users\Bikra\.gradle\native\0.2.7\x86_64-windows-gnu\gradle-fileevents.dll
0x00007ffa47b90000 - 0x00007ffa47b9a000 	C:\Program Files\Microsoft\jdk-17.0.15.6-hotspot\bin\management.dll
0x00007ffa479a0000 - 0x00007ffa479ab000 	C:\Program Files\Microsoft\jdk-17.0.15.6-hotspot\bin\management_ext.dll
0x00007ffa65940000 - 0x00007ffa65948000 	C:\WINDOWS\System32\PSAPI.DLL
0x00007ffa61640000 - 0x00007ffa61673000 	C:\WINDOWS\SYSTEM32\IPHLPAPI.DLL
0x00007ffa65580000 - 0x00007ffa6558a000 	C:\WINDOWS\System32\NSI.dll
0x00007ffa5c140000 - 0x00007ffa5c15f000 	C:\WINDOWS\SYSTEM32\dhcpcsvc6.DLL
0x00007ffa5c110000 - 0x00007ffa5c135000 	C:\WINDOWS\SYSTEM32\dhcpcsvc.DLL
0x00007ffa616d0000 - 0x00007ffa617f6000 	C:\WINDOWS\SYSTEM32\DNSAPI.dll
0x00007ffa43660000 - 0x00007ffa43669000 	C:\Program Files\Microsoft\jdk-17.0.15.6-hotspot\bin\extnet.dll
0x00007ffa62450000 - 0x00007ffa6246b000 	C:\WINDOWS\SYSTEM32\CRYPTSP.dll
0x00007ffa61b70000 - 0x00007ffa61bab000 	C:\WINDOWS\system32\rsaenh.dll
0x00007ffa62240000 - 0x00007ffa6226b000 	C:\WINDOWS\SYSTEM32\USERENV.dll
0x00007ffa62d50000 - 0x00007ffa62d76000 	C:\WINDOWS\SYSTEM32\bcrypt.dll
0x00007ffa62470000 - 0x00007ffa6247c000 	C:\WINDOWS\SYSTEM32\CRYPTBASE.dll
0x00007ffa4ff10000 - 0x00007ffa4ff1e000 	C:\Program Files\Microsoft\jdk-17.0.15.6-hotspot\bin\sunmscapi.dll
0x00007ffa63940000 - 0x00007ffa63ab7000 	C:\WINDOWS\System32\CRYPT32.dll
0x00007ffa625f0000 - 0x00007ffa62620000 	C:\WINDOWS\SYSTEM32\ncrypt.dll
0x00007ffa625a0000 - 0x00007ffa625df000 	C:\WINDOWS\SYSTEM32\NTASN1.dll
0x00007ffa2de60000 - 0x00007ffa2de68000 	C:\WINDOWS\system32\wshunix.dll
0x00007ffa55930000 - 0x00007ffa55937000 	C:\Program Files\Microsoft\jdk-17.0.15.6-hotspot\bin\rmi.dll
0x00007ffa61d40000 - 0x00007ffa61d76000 	C:\WINDOWS\SYSTEM32\ntmarta.dll

dbghelp: loaded successfully - version: 4.0.5 - missing functions: none
symbol engine: initialized successfully - sym options: 0x614 - pdb path: .;C:\Program Files\Microsoft\jdk-17.0.15.6-hotspot\bin;C:\WINDOWS\SYSTEM32;C:\WINDOWS\WinSxS\amd64_microsoft.windows.common-controls_6595b64144ccf1df_6.0.26100.4484_none_3e0e6d4ce32ef3b3;C:\Program Files\Microsoft\jdk-17.0.15.6-hotspot\bin\server;C:\Users\Bikra\.gradle\native\1def1411415f61bf3af743bc5b6707747c0891f09f0c88961ee8f79bc544acac\windows-amd64;C:\Users\Bikra\.gradle\native\0.2.7\x86_64-windows-gnu

VM Arguments:
jvm_args: --add-opens=java.base/java.lang=ALL-UNNAMED --add-opens=java.base/java.lang.invoke=ALL-UNNAMED --add-opens=java.base/java.util=ALL-UNNAMED --add-opens=java.prefs/java.util.prefs=ALL-UNNAMED --add-exports=jdk.compiler/com.sun.tools.javac.api=ALL-UNNAMED --add-exports=jdk.compiler/com.sun.tools.javac.util=ALL-UNNAMED --add-opens=java.base/java.util=ALL-UNNAMED --add-opens=java.prefs/java.util.prefs=ALL-UNNAMED --add-opens=java.base/java.nio.charset=ALL-UNNAMED --add-opens=java.base/java.net=ALL-UNNAMED --add-opens=java.base/java.util.concurrent.atomic=ALL-UNNAMED --add-opens=java.xml/javax.xml.namespace=ALL-UNNAMED -XX:MaxMetaspaceSize=512m -Xmx2048m -Dfile.encoding=windows-1252 -Duser.country=US -Duser.language=en -Duser.variant -javaagent:C:\Users\Bikra\.gradle\wrapper\dists\gradle-8.14.1-bin\baw1sv0jfoi8rxs14qo3h49cs\gradle-8.14.1\lib\agents\gradle-instrumentation-agent-8.14.1.jar 
java_command: org.gradle.launcher.daemon.bootstrap.GradleDaemon 8.14.1
java_class_path (initial): C:\Users\Bikra\.gradle\wrapper\dists\gradle-8.14.1-bin\baw1sv0jfoi8rxs14qo3h49cs\gradle-8.14.1\lib\gradle-daemon-main-8.14.1.jar
Launcher Type: SUN_STANDARD

[Global flags]
     intx CICompilerCount                          = 4                                         {product} {ergonomic}
   size_t CompressedClassSpaceSize                 = 436207616                                 {product} {ergonomic}
     uint ConcGCThreads                            = 3                                         {product} {ergonomic}
     uint G1ConcRefinementThreads                  = 10                                        {product} {ergonomic}
   size_t G1HeapRegionSize                         = 1048576                                   {product} {ergonomic}
    uintx GCDrainStackTargetSize                   = 64                                        {product} {ergonomic}
   size_t InitialHeapSize                          = 123731968                                 {product} {ergonomic}
   size_t MarkStackSize                            = 4194304                                   {product} {ergonomic}
   size_t MaxHeapSize                              = 2147483648                                {product} {command line}
   size_t MaxMetaspaceSize                         = 536870912                                 {product} {command line}
   size_t MaxNewSize                               = 1287651328                                {product} {ergonomic}
   size_t MinHeapDeltaBytes                        = 1048576                                   {product} {ergonomic}
   size_t MinHeapSize                              = 8388608                                   {product} {ergonomic}
    uintx NonNMethodCodeHeapSize                   = 5839372                                {pd product} {ergonomic}
    uintx NonProfiledCodeHeapSize                  = 122909434                              {pd product} {ergonomic}
    uintx ProfiledCodeHeapSize                     = 122909434                              {pd product} {ergonomic}
    uintx ReservedCodeCacheSize                    = 251658240                              {pd product} {ergonomic}
     bool SegmentedCodeCache                       = true                                      {product} {ergonomic}
   size_t SoftMaxHeapSize                          = 2147483648                             {manageable} {ergonomic}
     bool UseCompressedClassPointers               = true                           {product lp64_product} {ergonomic}
     bool UseCompressedOops                        = true                           {product lp64_product} {ergonomic}
     bool UseG1GC                                  = true                                      {product} {ergonomic}
     bool UseLargePagesIndividualAllocation        = false                                  {pd product} {ergonomic}

Logging:
Log output configuration:
 #0: stdout all=warning uptime,level,tags
 #1: stderr all=off uptime,level,tags

Environment Variables:
JAVA_HOME=C:\Program Files\Microsoft\jdk-17.0.15.6-hotspot
PATH=D:\ReactNative\HRMS\node_modules\.bin;D:\ReactNative\HRMS\node_modules\.bin;D:\ReactNative\node_modules\.bin;D:\node_modules\.bin;C:\Program Files\nodejs\node_modules\npm\node_modules\@npmcli\run-script\lib\node-gyp-bin;C:\Program Files\Microsoft\jdk-17.0.15.6-hotspot\bin;C:\Program Files\Common Files\Oracle\Java\javapath;C:\WINDOWS\system32;C:\WINDOWS;C:\WINDOWS\System32\Wbem;C:\WINDOWS\System32\WindowsPowerShell\v1.0\;C:\WINDOWS\System32\OpenSSH\;C:\Program Files\Git\cmd;C:\Program Files\HP\HP One Agent;C:\MinGW\bin;C:\xampp\php;C:\composer;C:\ProgramData\chocolatey\bin\bin;C:\Program Files\Microsoft\jdk-17.0.15.6-hotspot\bin;C:\Users\Bikra\AppData\Local\Android\Sdk\platform-tools;C:\Users\Bikra\AppData\Local\Android\Sdk\platform-tools;C:\Program Files\nodejs\;C:\Users\Bikra\AppData\Local\Android\Sdk\platforms;C:\Users\Bikra\AppData\Local\Android\Sdk;C:\Users\Bikra\AppData\Local\Android\Sdk\platforms-tools;C:\Users\Bikra\AppData\Local\Android\Sdk\emulator;C:\Users\Bikra\AppData\Local\Android\Sdk\build-tools;;C:\WINDOWS\system32;C:\WINDOWS;C:\WINDOWS\System32\Wbem;C:\WINDOWS\System32\WindowsPowerShell\v1.0\;C:\WINDOWS\System32\OpenSSH\;C:\Users\Bikra\AppData\Local\Android\Sdk\tools;C:\Users\Bikra\AppData\Local\Microsoft\WindowsApps;C:\Users\Bikra\AppData\Local\Programs\Microsoft VS Code\bin;C:\Users\Bikra\AppData\Roaming\Composer\vendor\bin;C:\Users\Bikra\AppData\Roaming\npm;C:\Users\Bikra\AppData\Local\Android\Sdk;C:\Users\Bikra\AppData\Local\Android\Sdk\platform-tools;C:\Users\Bikra\AppData\Local\Android\Sdk\emulator;C:\Users\Bikra\AppData\Local\Android\Sdk\build-tools;C:\Users\Bikra\AppData\Local\Android\Sdk\platforms;C:\Program Files\Microsoft\jdk-17.0.15.6-hotspot\bin;;c:\Users\Bikra\AppData\Roaming\Code\User\globalStorage\github.copilot-chat\debugCommand
USERNAME=Bikra
LANG=en_US.UTF-8
OS=Windows_NT
PROCESSOR_IDENTIFIER=AMD64 Family 25 Model 80 Stepping 0, AuthenticAMD
TMP=C:\Users\Bikra\AppData\Local\Temp
TEMP=C:\Users\Bikra\AppData\Local\Temp



Periodic native trim disabled


---------------  S Y S T E M  ---------------

OS:
 Windows 11 , 64 bit Build 26100 (10.0.26100.4484)
OS uptime: 1 days 4:55 hours

CPU: total 12 (initial active 12) (12 cores per cpu, 2 threads per core) family 25 model 80 stepping 0 microcode 0xa50000d, cx8, cmov, fxsr, ht, mmx, 3dnowpref, sse, sse2, sse3, ssse3, sse4a, sse4.1, sse4.2, popcnt, lzcnt, tsc, tscinvbit, avx, avx2, aes, erms, clmul, bmi1, bmi2, adx, sha, fma, vzeroupper, clflush, clflushopt
Processor Information for the first 12 processors :
  Max Mhz: 3301, Current Mhz: 3301, Mhz Limit: 3301

Memory: 4k page, system-wide physical 7521M (157M free)
TotalPageFile size 31073M (AvailPageFile size 15M)
current process WorkingSet (physical memory assigned to process): 465M, peak: 779M
current process commit charge ("private bytes"): 1137M, peak: 1149M

vm_info: OpenJDK 64-Bit Server VM (17.0.15+6-LTS) for windows-amd64 JRE (17.0.15+6-LTS), built on Apr  9 2025 22:27:25 by "MicrosoftCorporation" with unknown MS VC++:1939

END.
